date,open,high,low,close,volume,hold,settle
2020-01-02,2330.0,2337.0,2320.0,2327.0,181523,262937,2328.0
2020-01-03,2326.0,2346.0,2325.0,2329.0,307781,262382,2335.0
2020-01-06,2326.0,2328.0,2301.0,2308.0,258868,259399,2313.0
2020-01-07,2308.0,2338.0,2308.0,2337.0,233447,273730,2325.0
2020-01-08,2337.0,2354.0,2314.0,2318.0,402048,277889,2330.0
2020-01-09,2317.0,2328.0,2292.0,2314.0,365473,276514,2312.0
2020-01-10,2320.0,2331.0,2263.0,2263.0,468935,273225,2300.0
2020-01-13,2261.0,2288.0,2261.0,2269.0,316923,270459,2273.0
2020-01-14,2271.0,2275.0,2238.0,2248.0,341185,288251,2258.0
2020-01-15,2248.0,2276.0,2247.0,2275.0,306572,275496,2259.0
2020-01-16,2275.0,2277.0,2251.0,2271.0,245700,275696,2264.0
2020-01-17,2269.0,2271.0,2245.0,2261.0,260523,278648,2258.0
2020-01-20,2262.0,2276.0,2258.0,2274.0,205241,272612,2268.0
2020-01-21,2272.0,2306.0,2255.0,2304.0,445685,268737,2281.0
2020-01-22,2301.0,2301.0,2241.0,2249.0,455897,258449,2267.0
2020-01-23,2251.0,2256.0,2228.0,2234.0,277239,237118,2244.0
2020-02-03,2086.0,2176.0,2086.0,2163.0,274507,225338,2154.0
2020-02-04,2182.0,2249.0,2167.0,2243.0,347209,230990,2216.0
2020-02-05,2233.0,2247.0,2218.0,2231.0,286618,233711,2230.0
2020-02-06,2232.0,2239.0,2214.0,2229.0,297096,233855,2228.0
2020-02-07,2230.0,2239.0,2222.0,2232.0,168888,230224,2231.0
2020-02-10,2232.0,2263.0,2229.0,2253.0,306062,229780,2250.0
2020-02-11,2252.0,2261.0,2238.0,2246.0,242747,226931,2245.0
2020-02-12,2251.0,2265.0,2233.0,2241.0,276841,224974,2247.0
2020-02-13,2244.0,2299.0,2243.0,2294.0,525467,244357,2276.0
2020-02-14,2291.0,2307.0,2280.0,2293.0,402805,244307,2292.0
2020-02-17,2298.0,2327.0,2296.0,2318.0,360649,245395,2317.0
2020-02-18,2316.0,2320.0,2280.0,2295.0,400563,234886,2296.0
2020-02-19,2298.0,2306.0,2284.0,2294.0,238564,227753,2294.0
2020-02-20,2296.0,2312.0,2277.0,2293.0,348958,230224,2295.0
2020-02-21,2289.0,2311.0,2289.0,2294.0,274577,228423,2299.0
2020-02-24,2290.0,2291.0,2242.0,2243.0,368784,227762,2262.0
2020-02-25,2236.0,2265.0,2225.0,2264.0,254561,216337,2246.0
2020-02-26,2265.0,2279.0,2256.0,2265.0,299935,223766,2266.0
2020-02-27,2271.0,2306.0,2271.0,2298.0,403245,235194,2294.0
2020-02-28,2307.0,2325.0,2240.0,2240.0,674303,219871,2293.0
2020-03-02,2251.0,2389.0,2250.0,2370.0,785536,268419,2335.0
2020-03-03,2375.0,2398.0,2358.0,2377.0,593070,275141,2374.0
2020-03-04,2375.0,2404.0,2363.0,2372.0,528569,273994,2378.0
2020-03-05,2369.0,2398.0,2356.0,2374.0,485527,269361,2377.0
2020-03-06,2356.0,2357.0,2329.0,2334.0,471438,256479,2342.0
2020-03-09,2245.0,2306.0,2229.0,2269.0,763383,207996,2266.0
2020-03-10,2280.0,2311.0,2274.0,2296.0,421785,187600,2296.0
2020-03-11,2302.0,2321.0,2285.0,2290.0,350901,171346,2307.0
2020-03-12,2277.0,2300.0,2259.0,2279.0,394220,168088,2283.0
2020-03-13,2284.0,2321.0,2245.0,2308.0,646760,162428,2290.0
2020-03-16,2296.0,2349.0,2291.0,2305.0,631110,166320,2318.0
2020-03-17,2289.0,2346.0,2283.0,2332.0,488887,164988,2319.0
2020-03-18,2335.0,2353.0,2309.0,2317.0,431383,153030,2332.0
2020-03-19,2330.0,2332.0,2266.0,2295.0,488291,129748,2297.0
2020-03-20,2332.0,2378.0,2332.0,2361.0,495852,126825,2359.0
2020-03-23,2382.0,2477.0,2381.0,2477.0,540968,143841,2443.0
2020-03-24,2502.0,2502.0,2406.0,2410.0,458062,121601,2446.0
2020-03-25,2416.0,2466.0,2414.0,2449.0,397276,127219,2443.0
2020-03-26,2419.0,2422.0,2384.0,2398.0,341525,113307,2409.0
2020-03-27,2416.0,2515.0,2409.0,2504.0,729273,119065,2481.0
2020-03-30,2509.0,2581.0,2508.0,2519.0,420759,112500,2551.0
2020-03-31,2528.0,2559.0,2491.0,2508.0,550439,126438,2517.0
2020-04-01,2503.0,2503.0,2391.0,2391.0,562124,133026,2428.0
2020-04-02,2373.0,2394.0,2343.0,2380.0,531618,273659,2370.0
2020-04-03,2375.0,2375.0,2310.0,2325.0,625243,274308,2338.0
2020-04-07,2330.0,2377.0,2330.0,2358.0,417614,260527,2361.0
2020-04-08,2348.0,2388.0,2335.0,2379.0,412460,268938,2373.0
2020-04-09,2377.0,2402.0,2362.0,2390.0,550103,288681,2381.0
2020-04-10,2398.0,2416.0,2382.0,2387.0,465578,296066,2399.0
2020-04-13,2403.0,2428.0,2366.0,2369.0,501384,311998,2400.0
2020-04-14,2359.0,2381.0,2345.0,2375.0,408655,304370,2365.0
2020-04-15,2373.0,2407.0,2372.0,2392.0,448760,310469,2391.0
2020-04-16,2398.0,2409.0,2330.0,2334.0,585439,321397,2368.0
2020-04-17,2335.0,2355.0,2330.0,2347.0,315514,312051,2345.0
2020-04-20,2344.0,2350.0,2307.0,2314.0,376914,313403,2319.0
2020-04-21,2301.0,2329.0,2297.0,2322.0,410158,309231,2316.0
2020-04-22,2335.0,2355.0,2328.0,2350.0,425335,304392,2341.0
2020-04-23,2351.0,2374.0,2341.0,2373.0,366123,311790,2362.0
2020-04-24,2370.0,2382.0,2361.0,2372.0,318857,317512,2371.0
2020-04-27,2360.0,2412.0,2357.0,2412.0,515205,356400,2389.0
2020-04-28,2410.0,2415.0,2353.0,2353.0,538258,338649,2382.0
2020-04-29,2350.0,2353.0,2327.0,2333.0,383742,323579,2339.0
2020-04-30,2346.0,2347.0,2321.0,2328.0,299534,319068,2333.0
2020-05-06,2341.0,2379.0,2332.0,2375.0,328896,332808,2360.0
2020-05-07,2372.0,2388.0,2365.0,2375.0,482874,360376,2376.0
2020-05-08,2377.0,2397.0,2338.0,2339.0,799993,356878,2373.0
2020-05-11,2343.0,2369.0,2315.0,2322.0,681485,352482,2345.0
2020-05-12,2331.0,2334.0,2307.0,2324.0,469124,348659,2322.0
2020-05-13,2328.0,2332.0,2301.0,2314.0,484137,355345,2315.0
2020-05-14,2321.0,2325.0,2283.0,2298.0,524067,342129,2301.0
2020-05-15,2300.0,2314.0,2290.0,2294.0,356614,348339,2303.0
2020-05-18,2295.0,2337.0,2288.0,2331.0,548216,326555,2316.0
2020-05-19,2331.0,2332.0,2301.0,2310.0,397551,330532,2316.0
2020-05-20,2315.0,2331.0,2298.0,2323.0,449061,322744,2313.0
2020-05-21,2324.0,2333.0,2289.0,2295.0,567342,374839,2311.0
2020-05-22,2295.0,2327.0,2288.0,2306.0,719978,341152,2307.0
2020-05-25,2307.0,2341.0,2306.0,2333.0,683992,319864,2327.0
2020-05-26,2335.0,2337.0,2316.0,2329.0,400874,320882,2328.0
2020-05-27,2329.0,2355.0,2309.0,2345.0,805981,317439,2334.0
2020-05-28,2345.0,2384.0,2337.0,2355.0,656391,323511,2358.0
2020-05-29,2353.0,2369.0,2340.0,2365.0,555690,315099,2357.0
2020-06-01,2361.0,2375.0,2328.0,2334.0,672651,337889,2349.0
2020-06-02,2337.0,2346.0,2321.0,2334.0,506882,330251,2335.0
2020-06-03,2338.0,2354.0,2330.0,2343.0,493807,331583,2341.0
2020-06-04,2345.0,2394.0,2339.0,2382.0,730579,342170,2367.0
2020-06-05,2385.0,2413.0,2383.0,2394.0,662797,336965,2397.0
2020-06-08,2390.0,2399.0,2366.0,2370.0,592868,329190,2383.0
2020-06-09,2373.0,2391.0,2363.0,2375.0,541818,326606,2380.0
2020-06-10,2373.0,2375.0,2349.0,2365.0,538081,339463,2362.0
2020-06-11,2367.0,2374.0,2322.0,2330.0,596508,349740,2350.0
2020-06-12,2330.0,2360.0,2324.0,2358.0,506221,314127,2345.0
2020-06-15,2363.0,2364.0,2316.0,2320.0,519744,321567,2339.0
2020-06-16,2318.0,2340.0,2318.0,2333.0,343604,315942,2332.0
2020-06-17,2333.0,2336.0,2302.0,2325.0,506180,322509,2317.0
2020-06-18,2326.0,2339.0,2316.0,2334.0,349993,308876,2329.0
2020-06-19,2333.0,2334.0,2313.0,2321.0,364002,314489,2322.0
2020-06-22,2325.0,2355.0,2319.0,2346.0,513116,295541,2339.0
2020-06-23,2348.0,2369.0,2328.0,2332.0,622604,287484,2348.0
2020-06-24,2332.0,2340.0,2326.0,2331.0,269573,272337,2334.0
2020-06-29,2323.0,2330.0,2301.0,2309.0,288848,295412,2310.0
2020-06-30,2310.0,2323.0,2310.0,2320.0,266537,274434,2318.0
2020-07-01,2325.0,2378.0,2315.0,2372.0,583154,270967,2354.0
2020-07-02,2377.0,2388.0,2366.0,2382.0,434099,266295,2378.0
2020-07-03,2382.0,2384.0,2368.0,2382.0,323016,268485,2377.0
2020-07-06,2383.0,2404.0,2374.0,2387.0,631011,267001,2387.0
2020-07-07,2387.0,2405.0,2375.0,2384.0,521236,248838,2390.0
2020-07-08,2382.0,2397.0,2367.0,2384.0,435528,261539,2381.0
2020-07-09,2388.0,2395.0,2373.0,2387.0,383660,261021,2385.0
2020-07-10,2393.0,2414.0,2375.0,2387.0,600179,268377,2392.0
2020-07-13,2387.0,2396.0,2308.0,2331.0,657670,269816,2350.0
2020-07-14,2330.0,2335.0,2316.0,2326.0,355798,270703,2328.0
2020-07-15,2327.0,2340.0,2323.0,2333.0,402137,272180,2331.0
2020-07-16,2330.0,2365.0,2325.0,2363.0,492100,253201,2344.0
2020-07-17,2368.0,2373.0,2351.0,2372.0,348381,246030,2363.0
2020-07-20,2372.0,2441.0,2364.0,2430.0,846884,275985,2404.0
2020-07-21,2425.0,2463.0,2419.0,2437.0,807103,266826,2444.0
2020-07-22,2438.0,2452.0,2423.0,2442.0,530088,266808,2436.0
2020-07-23,2443.0,2471.0,2411.0,2444.0,855285,272159,2441.0
2020-07-24,2443.0,2465.0,2419.0,2454.0,778141,256227,2442.0
2020-07-27,2453.0,2527.0,2445.0,2464.0,1245474,266087,2489.0
2020-07-28,2466.0,2485.0,2387.0,2394.0,857593,251447,2431.0
2020-07-29,2396.0,2412.0,2392.0,2403.0,443289,225562,2402.0
2020-07-30,2400.0,2407.0,2372.0,2378.0,490700,216891,2388.0
2020-07-31,2377.0,2415.0,2361.0,2392.0,567542,196445,2393.0
2020-08-03,2392.0,2402.0,2371.0,2398.0,474510,196951,2387.0
2020-08-04,2394.0,2410.0,2368.0,2382.0,394908,190148,2389.0
2020-08-05,2381.0,2391.0,2345.0,2349.0,369619,184310,2362.0
2020-08-06,2353.0,2370.0,2345.0,2362.0,349870,168431,2360.0
2020-08-07,2366.0,2368.0,2324.0,2327.0,393334,166833,2342.0
2020-08-10,2335.0,2356.0,2304.0,2348.0,510160,142474,2334.0
2020-08-11,2347.0,2348.0,2310.0,2313.0,335451,136641,2331.0
2020-08-12,2312.0,2343.0,2312.0,2323.0,296744,125859,2329.0
2020-08-13,2323.0,2356.0,2307.0,2335.0,396006,105937,2333.0
2020-08-14,2342.0,2352.0,2321.0,2325.0,317422,95939,2340.0
2020-08-17,2323.0,2335.0,2297.0,2329.0,191731,74305,2320.0
2020-08-18,2301.0,2315.0,2289.0,2294.0,345737,261852,2301.0
2020-08-19,2294.0,2304.0,2278.0,2288.0,352533,272987,2291.0
2020-08-20,2292.0,2303.0,2275.0,2285.0,383206,268464,2290.0
2020-08-21,2282.0,2284.0,2256.0,2274.0,447392,284567,2269.0
2020-08-24,2270.0,2286.0,2261.0,2276.0,320836,283164,2274.0
2020-08-25,2283.0,2326.0,2282.0,2323.0,515086,275232,2307.0
2020-08-26,2328.0,2349.0,2317.0,2344.0,416642,294147,2336.0
2020-08-27,2342.0,2344.0,2326.0,2341.0,398297,307545,2336.0
2020-08-28,2351.0,2362.0,2336.0,2348.0,437913,299154,2349.0
2020-08-31,2350.0,2386.0,2342.0,2363.0,375560,296215,2368.0
2020-09-01,2365.0,2368.0,2315.0,2335.0,449107,297176,2334.0
2020-09-02,2332.0,2343.0,2328.0,2334.0,246242,300880,2334.0
2020-09-03,2332.0,2365.0,2321.0,2332.0,433664,301458,2345.0
2020-09-04,2336.0,2375.0,2317.0,2374.0,509584,335012,2345.0
2020-09-07,2377.0,2404.0,2356.0,2379.0,556353,332239,2382.0
2020-09-08,2379.0,2397.0,2371.0,2385.0,387427,330055,2384.0
2020-09-09,2370.0,2378.0,2345.0,2362.0,442343,310541,2363.0
2020-09-10,2372.0,2393.0,2346.0,2358.0,524183,311253,2374.0
2020-09-11,2363.0,2436.0,2359.0,2428.0,743603,377599,2395.0
2020-09-14,2427.0,2498.0,2421.0,2457.0,872786,383303,2460.0
2020-09-15,2451.0,2467.0,2428.0,2443.0,568323,367183,2445.0
2020-09-16,2442.0,2443.0,2383.0,2397.0,701741,354002,2407.0
2020-09-17,2406.0,2438.0,2391.0,2398.0,737840,347685,2413.0
2020-09-18,2396.0,2476.0,2393.0,2468.0,789980,352910,2443.0
2020-09-21,2465.0,2466.0,2434.0,2454.0,654068,334760,2449.0
2020-09-22,2450.0,2459.0,2398.0,2419.0,790871,317943,2429.0
2020-09-23,2428.0,2449.0,2378.0,2398.0,754202,314173,2417.0
2020-09-24,2403.0,2434.0,2368.0,2390.0,781960,302258,2399.0
2020-09-25,2390.0,2394.0,2364.0,2373.0,519718,297061,2381.0
2020-09-28,2374.0,2387.0,2352.0,2365.0,630167,271151,2370.0
2020-09-29,2366.0,2369.0,2322.0,2325.0,507834,258898,2340.0
2020-09-30,2323.0,2335.0,2312.0,2323.0,424599,237715,2325.0
2020-10-09,2400.0,2449.0,2383.0,2446.0,540546,248145,2426.0
2020-10-12,2440.0,2544.0,2435.0,2530.0,990211,335446,2496.0
2020-10-13,2524.0,2527.0,2470.0,2512.0,823158,325625,2497.0
2020-10-14,2507.0,2516.0,2477.0,2494.0,658521,306076,2499.0
2020-10-15,2499.0,2506.0,2476.0,2495.0,544137,304676,2493.0
2020-10-16,2482.0,2515.0,2459.0,2501.0,745379,297910,2489.0
2020-10-19,2505.0,2535.0,2470.0,2493.0,840569,282606,2496.0
2020-10-20,2497.0,2566.0,2482.0,2532.0,994712,343898,2527.0
2020-10-21,2532.0,2540.0,2513.0,2523.0,772520,323968,2525.0
2020-10-22,2532.0,2535.0,2496.0,2516.0,652386,318508,2522.0
2020-10-23,2520.0,2520.0,2477.0,2479.0,718382,277909,2500.0
2020-10-26,2483.0,2524.0,2483.0,2498.0,588031,277031,2502.0
2020-10-27,2491.0,2514.0,2485.0,2491.0,532690,287943,2499.0
2020-10-28,2492.0,2506.0,2453.0,2495.0,720331,302590,2484.0
2020-10-29,2470.0,2475.0,2430.0,2452.0,708872,279197,2453.0
2020-10-30,2442.0,2463.0,2440.0,2448.0,653266,261659,2451.0
2020-11-02,2453.0,2482.0,2430.0,2456.0,627308,277892,2458.0
2020-11-03,2457.0,2472.0,2446.0,2460.0,472558,283059,2457.0
2020-11-04,2468.0,2485.0,2457.0,2483.0,530004,282941,2470.0
2020-11-05,2488.0,2594.0,2484.0,2586.0,1522646,400034,2551.0
2020-11-06,2585.0,2591.0,2557.0,2573.0,845304,356656,2574.0
2020-11-09,2575.0,2579.0,2510.0,2510.0,766185,301131,2537.0
2020-11-10,2529.0,2530.0,2459.0,2471.0,789582,241002,2495.0
2020-11-11,2474.0,2540.0,2469.0,2523.0,727169,233199,2513.0
2020-11-12,2519.0,2531.0,2488.0,2497.0,554395,212411,2513.0
2020-11-13,2492.0,2505.0,2473.0,2485.0,505816,219373,2488.0
2020-11-16,2488.0,2499.0,2447.0,2456.0,632617,229064,2475.0
2020-11-17,2458.0,2476.0,2448.0,2469.0,442317,222306,2464.0
2020-11-18,2475.0,2505.0,2464.0,2490.0,619474,210208,2488.0
2020-11-19,2499.0,2541.0,2471.0,2528.0,721433,235051,2505.0
2020-11-20,2518.0,2569.0,2512.0,2559.0,650509,239085,2543.0
2020-11-23,2563.0,2607.0,2560.0,2595.0,775793,239369,2587.0
2020-11-24,2600.0,2600.0,2547.0,2555.0,605022,214084,2564.0
2020-11-25,2551.0,2567.0,2537.0,2558.0,532773,191988,2551.0
2020-11-26,2558.0,2560.0,2525.0,2554.0,385419,183677,2544.0
2020-11-27,2552.0,2556.0,2522.0,2530.0,348941,171894,2536.0
2020-11-30,2533.0,2579.0,2521.0,2570.0,563970,181964,2551.0
2020-12-01,2563.0,2586.0,2498.0,2507.0,640278,162744,2536.0
2020-12-02,2511.0,2516.0,2460.0,2465.0,432699,154483,2491.0
2020-12-03,2446.0,2471.0,2438.0,2463.0,443058,153147,2455.0
2020-12-04,2475.0,2482.0,2448.0,2471.0,425127,149424,2463.0
2020-12-07,2465.0,2480.0,2444.0,2478.0,386328,135269,2464.0
2020-12-08,2474.0,2501.0,2455.0,2464.0,401605,119398,2476.0
2020-12-09,2458.0,2481.0,2451.0,2469.0,301996,109732,2466.0
2020-12-10,2475.0,2507.0,2469.0,2505.0,384720,99305,2490.0
2020-12-11,2510.0,2514.0,2440.0,2446.0,365292,100717,2475.0
2020-12-14,2440.0,2491.0,2438.0,2482.0,231106,77283,2464.0
2020-12-15,2544.0,2547.0,2505.0,2525.0,450201,304397,2524.0
2020-12-16,2523.0,2572.0,2516.0,2571.0,536551,319924,2548.0
2020-12-17,2580.0,2600.0,2567.0,2592.0,540366,315061,2583.0
2020-12-18,2582.0,2640.0,2575.0,2622.0,523966,323908,2610.0
2020-12-21,2622.0,2724.0,2616.0,2722.0,675612,357342,2670.0
2020-12-22,2711.0,2783.0,2670.0,2731.0,982610,349430,2730.0
2020-12-23,2735.0,2778.0,2718.0,2759.0,1007158,376290,2752.0
2020-12-24,2780.0,2793.0,2733.0,2741.0,773792,362128,2754.0
2020-12-25,2743.0,2755.0,2705.0,2745.0,689076,357088,2731.0
2020-12-28,2749.0,2795.0,2730.0,2747.0,805487,353984,2758.0
2020-12-29,2747.0,2753.0,2696.0,2708.0,640080,340525,2723.0
2020-12-30,2708.0,2813.0,2698.0,2793.0,859848,371278,2765.0
2020-12-31,2785.0,2886.0,2785.0,2883.0,874112,395271,2831.0
2021-01-04,2880.0,2922.0,2863.0,2872.0,664379,392444,2886.0
2021-01-05,2869.0,2885.0,2832.0,2873.0,670209,385630,2861.0
2021-01-06,2877.0,2926.0,2861.0,2911.0,726926,399089,2893.0
2021-01-07,2916.0,2930.0,2875.0,2895.0,617490,393462,2900.0
2021-01-08,2892.0,2928.0,2865.0,2926.0,822744,402579,2894.0
2021-01-11,2931.0,3008.0,2901.0,2986.0,1014208,403881,2960.0
2021-01-12,2994.0,3027.0,2976.0,3010.0,919384,406330,3003.0
2021-01-13,3012.0,3154.0,3004.0,3154.0,1302940,432576,3105.0
2021-01-14,3149.0,3161.0,3103.0,3131.0,1128739,431208,3132.0
2021-01-15,3132.0,3166.0,3084.0,3095.0,1180218,410732,3115.0
2021-01-18,3102.0,3122.0,3048.0,3062.0,840341,389040,3082.0
2021-01-19,3059.0,3090.0,3036.0,3052.0,672314,387209,3059.0
2021-01-20,3060.0,3063.0,2906.0,2918.0,1353283,392887,2959.0
2021-01-21,2915.0,2953.0,2905.0,2940.0,841199,374844,2930.0
2021-01-22,2950.0,2956.0,2849.0,2861.0,1008637,363591,2890.0
2021-01-25,2857.0,2895.0,2785.0,2810.0,1042842,352138,2828.0
2021-01-26,2806.0,2858.0,2801.0,2803.0,775870,360194,2822.0
2021-01-27,2823.0,2890.0,2815.0,2872.0,936481,362885,2856.0
2021-01-28,2873.0,2880.0,2826.0,2841.0,804169,360287,2853.0
2021-01-29,2859.0,2870.0,2785.0,2857.0,896912,368461,2842.0
2021-02-01,2859.0,2907.0,2823.0,2867.0,1007208,369208,2861.0
2021-02-02,2861.0,2865.0,2805.0,2810.0,832349,391490,2832.0
2021-02-03,2790.0,2808.0,2763.0,2788.0,1005903,383679,2780.0
2021-02-04,2788.0,2875.0,2784.0,2871.0,1036425,381890,2836.0
2021-02-05,2868.0,2923.0,2859.0,2919.0,1087729,374914,2892.0
2021-02-08,2920.0,2942.0,2869.0,2886.0,942500,345645,2905.0
2021-02-09,2889.0,2964.0,2875.0,2942.0,779168,351797,2919.0
2021-02-10,2947.0,2948.0,2883.0,2906.0,612449,326643,2915.0
2021-02-18,2922.0,2967.0,2909.0,2937.0,480880,343340,2937.0
2021-02-19,2931.0,2984.0,2893.0,2918.0,928182,372642,2931.0
2021-02-22,2923.0,2989.0,2920.0,2964.0,1062094,399027,2960.0
2021-02-23,2959.0,3045.0,2915.0,3038.0,1203933,420084,2978.0
2021-02-24,3030.0,3060.0,3025.0,3048.0,1037900,416512,3043.0
2021-02-25,3064.0,3088.0,3028.0,3043.0,1044571,410359,3060.0
2021-02-26,3056.0,3057.0,2907.0,2907.0,1297581,395831,2966.0
2021-03-01,2866.0,2915.0,2844.0,2874.0,1111848,369871,2881.0
2021-03-02,2883.0,2933.0,2809.0,2817.0,1173124,376293,2866.0
2021-03-03,2824.0,2895.0,2823.0,2868.0,852525,362161,2865.0
2021-03-04,2868.0,2876.0,2825.0,2838.0,812923,354540,2847.0
2021-03-05,2842.0,2889.0,2802.0,2876.0,1000119,340574,2849.0
2021-03-08,2874.0,2972.0,2858.0,2954.0,948584,333418,2925.0
2021-03-09,2954.0,2954.0,2872.0,2874.0,915046,321618,2909.0
2021-03-10,2874.0,2885.0,2792.0,2803.0,1161315,329080,2840.0
2021-03-11,2790.0,2800.0,2698.0,2709.0,1358953,346311,2726.0
2021-03-12,2713.0,2748.0,2692.0,2732.0,1184971,326432,2724.0
2021-03-15,2734.0,2793.0,2677.0,2780.0,1158142,324812,2738.0
2021-03-16,2788.0,2831.0,2778.0,2808.0,1090895,303112,2803.0
2021-03-17,2813.0,2862.0,2813.0,2843.0,921889,285616,2845.0
2021-03-18,2840.0,2877.0,2822.0,2831.0,926753,270726,2849.0
2021-03-19,2831.0,2878.0,2806.0,2861.0,1097356,274909,2843.0
2021-03-22,2861.0,2895.0,2818.0,2863.0,965494,258864,2862.0
2021-03-23,2856.0,2861.0,2786.0,2824.0,1064189,255660,2814.0
2021-03-24,2824.0,2872.0,2816.0,2856.0,834022,260620,2845.0
2021-03-25,2858.0,2906.0,2857.0,2890.0,931020,273487,2886.0
2021-03-26,2880.0,2945.0,2862.0,2933.0,1054699,290712,2909.0
2021-03-29,2933.0,2936.0,2864.0,2891.0,885536,255144,2898.0
2021-03-30,2877.0,2894.0,2844.0,2879.0,790062,253611,2870.0
2021-03-31,2876.0,2891.0,2798.0,2832.0,840239,242027,2839.0
2021-04-01,2832.0,2981.0,2826.0,2981.0,1495525,277241,2942.0
2021-04-02,2985.0,2996.0,2940.0,2989.0,969499,235137,2970.0
2021-04-06,2976.0,3000.0,2937.0,2942.0,413978,209659,2960.0
2021-04-07,2955.0,2987.0,2916.0,2969.0,814961,184186,2947.0
2021-04-08,2973.0,2976.0,2923.0,2961.0,603272,167079,2945.0
2021-04-09,2956.0,2991.0,2925.0,2977.0,737715,160260,2960.0
2021-04-12,2994.0,3008.0,2896.0,2905.0,706297,141109,2957.0
2021-04-13,2897.0,2912.0,2855.0,2867.0,607603,131342,2878.0
2021-04-14,2861.0,2881.0,2779.0,2799.0,577215,115336,2832.0
2021-04-15,2795.0,2817.0,2781.0,2792.0,449552,110122,2800.0
2021-04-16,2795.0,2825.0,2766.0,2798.0,434170,75610,2798.0
2021-04-19,2883.0,2949.0,2866.0,2943.0,952245,401069,2906.0
2021-04-20,2947.0,2988.0,2922.0,2984.0,852114,415487,2957.0
2021-04-21,2993.0,3030.0,2977.0,3015.0,960974,451070,3006.0
2021-04-22,2998.0,3069.0,2985.0,3047.0,925952,452968,3033.0
2021-04-23,3041.0,3065.0,3017.0,3052.0,840882,457122,3042.0
2021-04-26,3049.0,3109.0,3022.0,3055.0,1060781,461047,3062.0
2021-04-27,3055.0,3094.0,3049.0,3080.0,987183,472400,3074.0
2021-04-28,3070.0,3080.0,2992.0,3033.0,1212438,442823,3037.0
2021-04-29,3040.0,3054.0,3010.0,3024.0,834963,432069,3034.0
2021-04-30,3024.0,3062.0,2995.0,3020.0,894103,408457,3027.0
2021-05-06,3060.0,3147.0,3057.0,3119.0,654917,430816,3112.0
2021-05-07,3121.0,3218.0,3120.0,3174.0,1127945,471201,3171.0
2021-05-10,3178.0,3180.0,3120.0,3143.0,1010674,470742,3147.0
2021-05-11,3143.0,3154.0,3061.0,3089.0,1150901,462381,3102.0
2021-05-12,3107.0,3211.0,3106.0,3190.0,1316975,466111,3169.0
2021-05-13,3180.0,3202.0,3064.0,3094.0,1399648,455024,3123.0
2021-05-14,3072.0,3083.0,2979.0,3008.0,1377060,437978,3029.0
2021-05-17,3018.0,3034.0,2966.0,3001.0,1020866,446779,3002.0
2021-05-18,3005.0,3029.0,2993.0,3013.0,803998,453867,3011.0
2021-05-19,3011.0,3019.0,2960.0,2989.0,1095691,447403,2994.0
2021-05-20,2969.0,2989.0,2934.0,2982.0,1027227,433005,2963.0
2021-05-21,2967.0,2973.0,2915.0,2920.0,923635,427102,2950.0
2021-05-24,2925.0,2948.0,2873.0,2939.0,944198,408428,2916.0
2021-05-25,2947.0,2954.0,2922.0,2938.0,815152,402638,2939.0
2021-05-26,2922.0,2946.0,2893.0,2931.0,816740,398168,2927.0
2021-05-27,2921.0,2947.0,2886.0,2894.0,952125,393570,2911.0
2021-05-28,2911.0,2992.0,2906.0,2963.0,877582,378470,2952.0
2021-05-31,2950.0,2983.0,2942.0,2943.0,674455,381923,2959.0
2021-06-01,2941.0,2995.0,2941.0,2960.0,681820,401190,2968.0
2021-06-02,2980.0,3008.0,2973.0,2996.0,767156,415189,2989.0
2021-06-03,2996.0,3026.0,2965.0,3025.0,1020279,448861,2998.0
2021-06-04,3021.0,3027.0,2929.0,2935.0,1046208,466529,2963.0
2021-06-07,2943.0,3043.0,2942.0,3036.0,1142986,443047,3003.0
2021-06-08,3059.0,3060.0,3013.0,3047.0,1051048,431447,3036.0
2021-06-09,3050.0,3091.0,3030.0,3044.0,1160287,411277,3061.0
2021-06-10,3037.0,3055.0,3023.0,3047.0,759803,415074,3039.0
2021-06-11,3050.0,3080.0,3027.0,3047.0,960357,407052,3052.0
2021-06-15,2960.0,2985.0,2890.0,2906.0,938436,436750,2921.0
2021-06-16,2925.0,2925.0,2889.0,2891.0,877151,429899,2900.0
2021-06-17,2905.0,2911.0,2826.0,2869.0,926097,417445,2872.0
2021-06-18,2840.0,2860.0,2745.0,2792.0,1206666,417073,2796.0
2021-06-21,2819.0,2838.0,2797.0,2809.0,845815,408724,2811.0
2021-06-22,2801.0,2846.0,2798.0,2816.0,686647,403664,2819.0
2021-06-23,2816.0,2837.0,2805.0,2814.0,812314,393550,2817.0
2021-06-24,2805.0,2843.0,2780.0,2831.0,980748,394693,2817.0
2021-06-25,2814.0,2843.0,2795.0,2830.0,861712,387659,2819.0
2021-06-28,2830.0,2897.0,2804.0,2883.0,1109052,405004,2850.0
2021-06-29,2880.0,2908.0,2872.0,2891.0,661112,388993,2888.0
2021-06-30,2893.0,2931.0,2881.0,2920.0,694172,388613,2903.0
2021-07-01,2913.0,3078.0,2897.0,3048.0,943046,401954,2994.0
2021-07-02,3079.0,3110.0,3064.0,3108.0,857146,431738,3088.0
2021-07-05,3110.0,3115.0,3053.0,3082.0,740392,418111,3081.0
2021-07-06,3082.0,3099.0,3055.0,3067.0,570582,416785,3074.0
2021-07-07,3053.0,3059.0,2960.0,2997.0,987953,393310,2998.0
2021-07-08,2986.0,2999.0,2974.0,2988.0,678187,387859,2987.0
2021-07-09,2970.0,3001.0,2952.0,2980.0,782905,390599,2980.0
2021-07-12,2978.0,3021.0,2948.0,3001.0,1020208,363688,2983.0
2021-07-13,3002.0,3043.0,2990.0,3023.0,694319,359286,3018.0
2021-07-14,3025.0,3049.0,2997.0,3046.0,712356,384729,3030.0
2021-07-15,3050.0,3094.0,3041.0,3069.0,736295,393790,3070.0
2021-07-16,3068.0,3079.0,3047.0,3060.0,553008,386067,3062.0
2021-07-19,3072.0,3162.0,3072.0,3086.0,891279,401152,3112.0
2021-07-20,3075.0,3110.0,3033.0,3101.0,761008,395866,3075.0
2021-07-21,3113.0,3146.0,3052.0,3078.0,845393,382358,3099.0
2021-07-22,3093.0,3096.0,3001.0,3007.0,754458,393941,3048.0
2021-07-23,2974.0,2985.0,2940.0,2947.0,854340,390464,2958.0
2021-07-26,2950.0,2957.0,2871.0,2896.0,760469,398618,2908.0
2021-07-27,2900.0,2935.0,2882.0,2908.0,721499,388271,2907.0
2021-07-28,2913.0,2953.0,2908.0,2919.0,673862,383943,2928.0
2021-07-29,2930.0,2966.0,2911.0,2965.0,627950,367141,2936.0
2021-07-30,2970.0,3016.0,2952.0,3012.0,770779,357678,2983.0
2021-08-02,2995.0,3012.0,2942.0,3007.0,780671,353343,2982.0
2021-08-03,3009.0,3023.0,2974.0,3013.0,768218,339708,3001.0
2021-08-04,2994.0,2995.0,2954.0,2976.0,859407,338695,2971.0
2021-08-05,2972.0,2983.0,2934.0,2937.0,782794,354443,2961.0
2021-08-06,2933.0,2969.0,2926.0,2955.0,756213,350564,2947.0
2021-08-09,2957.0,3015.0,2926.0,3010.0,932986,338214,2978.0
2021-08-10,3009.0,3041.0,2996.0,3029.0,775101,321237,3022.0
2021-08-11,3017.0,3033.0,2987.0,3016.0,725822,269978,3012.0
2021-08-12,3004.0,3021.0,2919.0,2934.0,810989,231724,2967.0
2021-08-13,2945.0,3026.0,2928.0,3025.0,649781,196783,2962.0
2021-08-16,2939.0,2983.0,2927.0,2969.0,989747,426081,2954.0
2021-08-17,2969.0,3026.0,2955.0,2991.0,1026643,492724,2987.0
2021-08-18,2991.0,3006.0,2953.0,2991.0,1024159,510489,2983.0
2021-08-19,2987.0,2990.0,2919.0,2924.0,1097984,455522,2943.0
2021-08-20,2906.0,2932.0,2869.0,2885.0,958926,451507,2899.0
2021-08-23,2874.0,2889.0,2846.0,2857.0,766097,446196,2863.0
2021-08-24,2860.0,2878.0,2836.0,2862.0,876606,450899,2857.0
2021-08-25,2858.0,2887.0,2838.0,2849.0,970253,477719,2860.0
2021-08-26,2855.0,2904.0,2822.0,2892.0,1281244,441860,2865.0
2021-08-27,2898.0,2910.0,2866.0,2883.0,919897,417946,2888.0
2021-08-30,2884.0,2932.0,2867.0,2894.0,941541,405010,2900.0
2021-08-31,2896.0,2901.0,2846.0,2887.0,987553,402453,2869.0
2021-09-01,2876.0,2891.0,2842.0,2849.0,802433,406634,2860.0
2021-09-02,2850.0,2887.0,2833.0,2871.0,1005348,388818,2853.0
2021-09-03,2871.0,2877.0,2839.0,2848.0,779900,394042,2858.0
2021-09-06,2853.0,2858.0,2816.0,2851.0,895307,397469,2840.0
2021-09-07,2852.0,2894.0,2837.0,2888.0,864039,388923,2868.0
2021-09-08,2888.0,2888.0,2820.0,2822.0,996222,429555,2858.0
2021-09-09,2822.0,2834.0,2774.0,2788.0,1151922,481924,2804.0
2021-09-10,2788.0,2825.0,2779.0,2824.0,892184,451161,2799.0
2021-09-13,2828.0,2877.0,2825.0,2868.0,1109803,405552,2856.0
2021-09-14,2861.0,2901.0,2849.0,2892.0,936512,420139,2876.0
2021-09-15,2896.0,2907.0,2881.0,2901.0,715450,425946,2894.0
2021-09-16,2902.0,2927.0,2884.0,2924.0,866634,436776,2907.0
2021-09-17,2923.0,2965.0,2916.0,2939.0,962349,430461,2940.0
2021-09-22,2922.0,2933.0,2886.0,2895.0,612623,426047,2902.0
2021-09-23,2896.0,2935.0,2896.0,2901.0,728492,427358,2912.0
2021-09-24,2899.0,2919.0,2861.0,2871.0,933279,417771,2890.0
2021-09-27,2867.0,2894.0,2830.0,2883.0,943777,398124,2867.0
2021-09-28,2890.0,2898.0,2813.0,2821.0,902469,382198,2853.0
2021-09-29,2818.0,2827.0,2791.0,2802.0,688986,361314,2809.0
2021-09-30,2803.0,2808.0,2757.0,2771.0,630604,341729,2782.0
2021-10-08,2725.0,2725.0,2647.0,2681.0,662651,369379,2675.0
2021-10-11,2681.0,2730.0,2681.0,2700.0,944738,375606,2703.0
2021-10-12,2704.0,2719.0,2653.0,2688.0,1018487,387568,2693.0
2021-10-13,2681.0,2690.0,2611.0,2620.0,1094049,412468,2649.0
2021-10-14,2614.0,2647.0,2575.0,2638.0,1036147,416994,2608.0
2021-10-15,2642.0,2655.0,2612.0,2626.0,788820,414625,2627.0
2021-10-18,2634.0,2646.0,2584.0,2585.0,1011352,430431,2614.0
2021-10-19,2578.0,2612.0,2549.0,2599.0,933237,428582,2585.0
2021-10-20,2602.0,2638.0,2594.0,2614.0,1100091,430382,2618.0
2021-10-21,2621.0,2634.0,2602.0,2609.0,1111152,441299,2616.0
2021-10-22,2600.0,2652.0,2584.0,2646.0,1272106,416683,2627.0
2021-10-25,2646.0,2680.0,2617.0,2657.0,1212684,420923,2653.0
2021-10-26,2656.0,2661.0,2605.0,2628.0,856499,438070,2627.0
2021-10-27,2625.0,2633.0,2583.0,2628.0,913707,422721,2608.0
2021-10-28,2620.0,2666.0,2595.0,2655.0,1264379,387846,2639.0
2021-10-29,2648.0,2679.0,2643.0,2647.0,936723,376397,2657.0
2021-11-01,2640.0,2653.0,2539.0,2553.0,1276422,419405,2597.0
2021-11-02,2555.0,2565.0,2517.0,2522.0,901069,418376,2542.0
2021-11-03,2522.0,2546.0,2501.0,2532.0,937627,393036,2526.0
2021-11-04,2541.0,2579.0,2527.0,2570.0,865669,349536,2551.0
2021-11-05,2570.0,2579.0,2476.0,2496.0,1142551,344225,2532.0
2021-11-08,2491.0,2551.0,2480.0,2545.0,950129,321267,2520.0
2021-11-09,2545.0,2595.0,2525.0,2587.0,791738,321415,2560.0
2021-11-10,2593.0,2652.0,2585.0,2628.0,872522,296813,2619.0
2021-11-11,2628.0,2670.0,2615.0,2669.0,625002,292928,2642.0
2021-11-12,2672.0,2705.0,2657.0,2689.0,652995,288850,2682.0
2021-11-15,2687.0,2754.0,2673.0,2702.0,824589,286682,2703.0
2021-11-16,2711.0,2756.0,2698.0,2750.0,661116,303259,2727.0
2021-11-17,2750.0,2759.0,2707.0,2746.0,678487,308770,2734.0
2021-11-18,2755.0,2798.0,2740.0,2749.0,849589,302064,2765.0
2021-11-19,2743.0,2794.0,2715.0,2792.0,863985,320242,2755.0
2021-11-22,2770.0,2773.0,2686.0,2710.0,872706,297507,2725.0
2021-11-23,2701.0,2774.0,2683.0,2759.0,825136,313534,2729.0
2021-11-24,2757.0,2769.0,2714.0,2764.0,914065,313264,2743.0
2021-11-25,2757.0,2777.0,2715.0,2738.0,670984,298527,2742.0
2021-11-26,2733.0,2733.0,2664.0,2688.0,693426,287758,2687.0
2021-11-29,2678.0,2721.0,2649.0,2715.0,863492,279011,2681.0
2021-11-30,2715.0,2722.0,2633.0,2680.0,853933,270316,2673.0
2021-12-01,2666.0,2675.0,2639.0,2670.0,625987,250292,2661.0
2021-12-02,2666.0,2691.0,2625.0,2688.0,765994,253415,2657.0
2021-12-03,2689.0,2736.0,2671.0,2734.0,783663,240968,2708.0
2021-12-06,2734.0,2745.0,2701.0,2717.0,661043,227747,2723.0
2021-12-07,2722.0,2734.0,2688.0,2700.0,764103,214588,2713.0
2021-12-08,2700.0,2708.0,2674.0,2695.0,661390,197387,2690.0
2021-12-09,2693.0,2816.0,2681.0,2798.0,825379,204837,2758.0
2021-12-10,2786.0,2851.0,2766.0,2831.0,661187,175838,2811.0
2021-12-13,2839.0,2867.0,2809.0,2815.0,477228,151826,2833.0
2021-12-14,2810.0,2876.0,2795.0,2854.0,570872,139713,2829.0
2021-12-15,2870.0,2998.0,2865.0,2958.0,699915,133567,2947.0
2021-12-16,2885.0,2909.0,2857.0,2891.0,796730,453684,2884.0
2021-12-17,2900.0,2932.0,2880.0,2924.0,652907,498610,2903.0
2021-12-20,2931.0,2931.0,2873.0,2904.0,768237,491841,2897.0
2021-12-21,2904.0,2916.0,2881.0,2893.0,669789,473955,2896.0
2021-12-22,2880.0,2935.0,2865.0,2896.0,692719,460064,2899.0
2021-12-23,2900.0,2965.0,2900.0,2955.0,719224,514126,2930.0
2021-12-24,2946.0,2988.0,2930.0,2983.0,631254,536269,2958.0
2021-12-27,2989.0,2989.0,2926.0,2936.0,548832,484351,2954.0
2021-12-28,2947.0,2998.0,2942.0,2963.0,745849,510129,2966.0
2021-12-29,2963.0,2964.0,2914.0,2931.0,636693,486394,2937.0
2021-12-30,2920.0,2950.0,2901.0,2936.0,536813,487990,2916.0
2021-12-31,2925.0,2925.0,2875.0,2912.0,620561,463901,2903.0
2022-01-04,2930.0,3002.0,2930.0,2981.0,464637,523048,2979.0
2022-01-05,2970.0,3023.0,2970.0,2996.0,516010,513346,2992.0
2022-01-06,2989.0,2989.0,2907.0,2918.0,707237,476814,2946.0
2022-01-07,2927.0,2952.0,2920.0,2938.0,457391,476460,2935.0
2022-01-10,2931.0,2988.0,2911.0,2941.0,585989,474365,2944.0
2022-01-11,2941.0,2964.0,2916.0,2930.0,464046,471618,2937.0
2022-01-12,2931.0,2970.0,2897.0,2956.0,621201,509641,2934.0
2022-01-13,2946.0,2962.0,2916.0,2946.0,650307,493217,2936.0
2022-01-14,2938.0,2938.0,2876.0,2890.0,587895,490990,2904.0
2022-01-17,2908.0,2916.0,2852.0,2868.0,587376,468397,2883.0
2022-01-18,2871.0,2886.0,2855.0,2872.0,360949,464893,2872.0
2022-01-19,2856.0,2909.0,2832.0,2899.0,609735,477067,2872.0
2022-01-20,2903.0,2969.0,2892.0,2959.0,563170,474449,2937.0
2022-01-21,2959.0,3020.0,2955.0,3004.0,536218,503479,2987.0
2022-01-24,2999.0,3042.0,2996.0,3022.0,610340,517771,3021.0
2022-01-25,3020.0,3039.0,2990.0,3033.0,536015,529914,3017.0
2022-01-26,3031.0,3060.0,3017.0,3055.0,481075,528474,3036.0
2022-01-27,3056.0,3197.0,3056.0,3153.0,854964,501204,3144.0
2022-01-28,3160.0,3184.0,3120.0,3161.0,487410,454090,3160.0
2022-02-07,3395.0,3445.0,3352.0,3425.0,531825,469332,3430.0
2022-02-08,3440.0,3462.0,3363.0,3390.0,737458,466335,3406.0
2022-02-09,3395.0,3427.0,3355.0,3420.0,650646,488076,3391.0
2022-02-10,3414.0,3489.0,3393.0,3444.0,708545,503728,3442.0
2022-02-11,3480.0,3530.0,3380.0,3423.0,860383,485826,3447.0
2022-02-14,3457.0,3461.0,3395.0,3423.0,633344,490984,3427.0
2022-02-15,3393.0,3437.0,3376.0,3416.0,615804,493826,3404.0
2022-02-16,3392.0,3467.0,3374.0,3428.0,729176,520342,3414.0
2022-02-17,3419.0,3488.0,3384.0,3486.0,742811,556977,3433.0
2022-02-18,3502.0,3528.0,3461.0,3505.0,677794,555722,3491.0
2022-02-21,3513.0,3556.0,3465.0,3502.0,797718,523287,3506.0
2022-02-22,3499.0,3598.0,3493.0,3592.0,682542,538893,3555.0
2022-02-23,3558.0,3670.0,3504.0,3641.0,1020358,549456,3594.0
2022-02-24,3641.0,3863.0,3620.0,3825.0,876410,497027,3727.0
2022-02-25,3800.0,3857.0,3589.0,3612.0,1051689,405257,3721.0
2022-02-28,3555.0,3600.0,3480.0,3587.0,784223,393936,3539.0
2022-03-01,3580.0,3720.0,3540.0,3655.0,588393,397172,3629.0
2022-03-02,3690.0,3800.0,3630.0,3686.0,708848,402024,3714.0
2022-03-03,3706.0,3725.0,3569.0,3694.0,637502,400743,3655.0
2022-03-04,3660.0,3752.0,3632.0,3688.0,581106,402096,3684.0
2022-03-07,3715.0,3921.0,3715.0,3913.0,608353,439849,3820.0
2022-03-08,3880.0,4098.0,3790.0,4052.0,784125,429816,3935.0
2022-03-09,4018.0,4197.0,4011.0,4131.0,870708,369339,4115.0
2022-03-10,4052.0,4100.0,3981.0,4069.0,564879,349637,4040.0
2022-03-11,4090.0,4150.0,4046.0,4084.0,257734,334692,4095.0
2022-03-14,4050.0,4061.0,3946.0,4038.0,333714,318552,4008.0
2022-03-15,4028.0,4076.0,3906.0,3910.0,330876,303707,3987.0
2022-03-16,3905.0,4032.0,3856.0,4021.0,251560,294251,3943.0
2022-03-17,4021.0,4085.0,3947.0,3982.0,218135,287794,4005.0
2022-03-18,4010.0,4097.0,3983.0,4093.0,158283,291778,4040.0
2022-03-21,4065.0,4174.0,4040.0,4134.0,180074,295729,4108.0
2022-03-22,4154.0,4310.0,4120.0,4285.0,220866,296599,4238.0
2022-03-23,3960.0,4012.0,3916.0,4000.0,208792,213662,3962.0
2022-03-24,4030.0,4076.0,3953.0,3959.0,258541,217355,4014.0
2022-03-25,3974.0,4036.0,3880.0,3940.0,289979,224653,3965.0
2022-03-28,3930.0,3983.0,3900.0,3906.0,259795,240703,3943.0
2022-03-29,3898.0,3959.0,3860.0,3911.0,320568,268593,3902.0
2022-03-30,3789.0,3869.0,3714.0,3831.0,458783,269590,3795.0
2022-03-31,3847.0,3883.0,3806.0,3848.0,277816,280619,3846.0
2022-04-01,3849.0,3892.0,3623.0,3624.0,466771,248468,3747.0
2022-04-06,3690.0,3715.0,3631.0,3660.0,219858,254181,3680.0
2022-04-07,3665.0,3764.0,3637.0,3709.0,361169,276954,3705.0
2022-04-08,3728.0,3781.0,3700.0,3745.0,280817,282843,3741.0
2022-04-11,3752.0,3840.0,3752.0,3765.0,262504,290988,3785.0
2022-04-12,3779.0,3779.0,3685.0,3735.0,322274,286707,3717.0
2022-04-13,3743.0,3768.0,3653.0,3687.0,395812,303701,3699.0
2022-04-14,3672.0,3785.0,3627.0,3771.0,373734,306753,3711.0
2022-04-15,3772.0,3794.0,3695.0,3760.0,331393,298005,3742.0
2022-04-18,3749.0,3866.0,3721.0,3803.0,423142,320584,3798.0
2022-04-19,3802.0,3881.0,3759.0,3866.0,412107,331823,3809.0
2022-04-20,3826.0,3868.0,3793.0,3836.0,379928,334072,3829.0
2022-04-21,3842.0,3874.0,3814.0,3862.0,204844,324638,3846.0
2022-04-22,3855.0,3855.0,3745.0,3749.0,235177,303233,3805.0
2022-04-25,3767.0,3785.0,3591.0,3597.0,249376,281664,3681.0
2022-04-26,3597.0,3702.0,3593.0,3667.0,185903,278315,3644.0
2022-04-27,3667.0,3732.0,3636.0,3728.0,180530,276265,3686.0
2022-04-28,3740.0,3836.0,3704.0,3825.0,195344,277842,3771.0
2022-04-29,3826.0,3850.0,3785.0,3835.0,161104,271055,3820.0
2022-05-05,3780.0,3835.0,3768.0,3799.0,95920,273158,3802.0
2022-05-06,3780.0,3811.0,3631.0,3645.0,215024,248518,3721.0
2022-05-09,3632.0,3652.0,3534.0,3551.0,193499,247637,3586.0
2022-05-10,3549.0,3614.0,3487.0,3611.0,187239,232898,3554.0
2022-05-11,3615.0,3629.0,3585.0,3609.0,125247,229867,3604.0
2022-05-12,3599.0,3663.0,3571.0,3597.0,157634,223874,3613.0
2022-05-13,3589.0,3716.0,3565.0,3685.0,176157,215623,3649.0
2022-05-16,3695.0,3778.0,3685.0,3761.0,126841,216629,3737.0
2022-05-17,3761.0,3776.0,3725.0,3759.0,105054,213946,3751.0
2022-05-18,3761.0,3806.0,3737.0,3752.0,137032,217059,3775.0
2022-05-19,3754.0,3795.0,3706.0,3730.0,146789,216772,3749.0
2022-05-20,3710.0,3821.0,3710.0,3796.0,147963,218227,3772.0
2022-05-23,3787.0,3843.0,3752.0,3755.0,132544,215214,3795.0
2022-05-24,3740.0,3755.0,3605.0,3629.0,209673,205403,3662.0
2022-05-25,3629.0,3678.0,3605.0,3664.0,130337,196125,3642.0
2022-05-26,3632.0,3670.0,3597.0,3653.0,122482,195203,3630.0
2022-05-27,3649.0,3745.0,3642.0,3712.0,141675,192183,3700.0
2022-05-30,3712.0,3771.0,3685.0,3763.0,121693,196806,3724.0
2022-05-31,3769.0,3798.0,3738.0,3781.0,112402,192778,3775.0
2022-06-01,3781.0,3781.0,3658.0,3671.0,153119,185502,3704.0
2022-06-02,3671.0,3717.0,3639.0,3710.0,107438,180961,3683.0
2022-06-06,3731.0,3774.0,3715.0,3734.0,79901,184309,3743.0
2022-06-07,3734.0,3760.0,3650.0,3655.0,152379,191757,3701.0
2022-06-08,3652.0,3783.0,3636.0,3767.0,178445,197105,3721.0
2022-06-09,3779.0,3818.0,3743.0,3748.0,130218,200284,3781.0
2022-06-10,3754.0,3872.0,3753.0,3851.0,190314,214628,3823.0
2022-06-13,3851.0,3895.0,3710.0,3721.0,180554,191313,3789.0
2022-06-14,3721.0,3732.0,3661.0,3687.0,129634,186062,3690.0
2022-06-15,3682.0,3704.0,3639.0,3662.0,106707,186039,3671.0
2022-06-16,3662.0,3713.0,3640.0,3661.0,119088,189200,3674.0
2022-06-17,3671.0,3746.0,3642.0,3744.0,156849,189053,3697.0
2022-06-20,3744.0,3766.0,3616.0,3648.0,179372,184267,3689.0
2022-06-21,3648.0,3666.0,3580.0,3621.0,172525,182837,3626.0
2022-06-22,3604.0,3672.0,3550.0,3554.0,158781,183189,3610.0
2022-06-23,3554.0,3582.0,3337.0,3425.0,258729,171354,3459.0
2022-06-24,3408.0,3422.0,3291.0,3327.0,199998,164533,3351.0
2022-06-27,3342.0,3393.0,3264.0,3356.0,151962,153833,3337.0
2022-06-28,2792.0,2839.0,2776.0,2838.0,211756,185580,2811.0
2022-06-29,2835.0,2853.0,2801.0,2815.0,244673,200833,2825.0
2022-06-30,2830.0,2861.0,2815.0,2831.0,231498,198009,2835.0
2022-07-01,2830.0,2888.0,2795.0,2834.0,440388,207641,2839.0
2022-07-04,2837.0,2856.0,2718.0,2769.0,368995,208419,2779.0
2022-07-05,2769.0,2814.0,2716.0,2767.0,351948,217205,2766.0
2022-07-06,2750.0,2755.0,2596.0,2688.0,577693,225196,2677.0
2022-07-07,2701.0,2810.0,2686.0,2780.0,490867,226044,2742.0
2022-07-08,2800.0,2879.0,2800.0,2823.0,412837,231451,2831.0
2022-07-11,2818.0,2965.0,2789.0,2880.0,395474,238462,2863.0
2022-07-12,2874.0,2902.0,2846.0,2852.0,315385,242434,2871.0
2022-07-13,2830.0,2862.0,2754.0,2819.0,431230,257440,2803.0
2022-07-14,2800.0,2860.0,2768.0,2839.0,386732,258968,2817.0
2022-07-15,2814.0,2828.0,2751.0,2751.0,492617,263993,2792.0
2022-07-18,2763.0,2873.0,2736.0,2863.0,477031,283761,2802.0
2022-07-19,2873.0,2908.0,2784.0,2785.0,355928,270321,2836.0
2022-07-20,2760.0,2773.0,2683.0,2703.0,557686,282862,2723.0
2022-07-21,2703.0,2727.0,2682.0,2695.0,325881,290964,2706.0
2022-07-22,2680.0,2699.0,2611.0,2636.0,535442,292557,2651.0
2022-07-25,2638.0,2725.0,2614.0,2625.0,545701,305848,2663.0
2022-07-26,2646.0,2722.0,2620.0,2683.0,482935,297987,2672.0
2022-07-27,2693.0,2739.0,2681.0,2714.0,507680,292838,2711.0
2022-07-28,2735.0,2793.0,2712.0,2768.0,437523,290724,2757.0
2022-07-29,2749.0,2776.0,2696.0,2752.0,502923,285466,2734.0
2022-08-01,2786.0,2854.0,2742.0,2761.0,501474,275595,2801.0
2022-08-02,2744.0,2767.0,2691.0,2721.0,419007,281746,2725.0
2022-08-03,2713.0,2739.0,2670.0,2718.0,402195,276809,2703.0
2022-08-04,2728.0,2749.0,2695.0,2729.0,423770,286573,2722.0
2022-08-05,2755.0,2860.0,2737.0,2852.0,529306,305671,2799.0
2022-08-08,2830.0,2844.0,2795.0,2811.0,440881,295389,2819.0
2022-08-09,2785.0,2818.0,2785.0,2792.0,303928,304149,2800.0
2022-08-10,2813.0,2859.0,2813.0,2837.0,398458,304654,2836.0
2022-08-11,2864.0,2892.0,2818.0,2845.0,469480,314439,2859.0
2022-08-12,2872.0,2912.0,2850.0,2906.0,430274,333252,2882.0
2022-08-15,2892.0,2899.0,2821.0,2830.0,460295,331467,2861.0
2022-08-16,2806.0,2838.0,2785.0,2829.0,393967,330478,2816.0
2022-08-17,2821.0,2839.0,2804.0,2827.0,334857,343710,2823.0
2022-08-18,2830.0,2842.0,2770.0,2770.0,408716,353977,2808.0
2022-08-19,2784.0,2850.0,2738.0,2833.0,606030,359806,2797.0
2022-08-22,2825.0,2860.0,2805.0,2848.0,401727,358659,2834.0
2022-08-23,2869.0,3000.0,2861.0,2980.0,641507,392475,2938.0
2022-08-24,2980.0,3033.0,2972.0,3019.0,486142,408032,3000.0
2022-08-25,3019.0,3030.0,2950.0,2976.0,531056,394717,2985.0
2022-08-26,2955.0,2957.0,2891.0,2910.0,550668,388882,2919.0
2022-08-29,2917.0,2926.0,2877.0,2894.0,545790,373140,2903.0
2022-08-30,2900.0,2909.0,2834.0,2867.0,411801,366146,2870.0
2022-08-31,2848.0,2908.0,2840.0,2901.0,370431,361187,2874.0
2022-09-01,2880.0,2907.0,2859.0,2887.0,433868,361208,2884.0
2022-09-02,2880.0,2934.0,2865.0,2927.0,564032,367857,2899.0
2022-09-05,2939.0,2974.0,2924.0,2946.0,516305,383399,2950.0
2022-09-06,2959.0,2983.0,2902.0,2914.0,456894,381825,2939.0
2022-09-07,2901.0,2970.0,2889.0,2953.0,542581,391671,2926.0
2022-09-08,2970.0,3024.0,2937.0,2939.0,615042,399834,2975.0
2022-09-09,2944.0,2971.0,2909.0,2957.0,550769,393726,2946.0
2022-09-13,3110.0,3164.0,3110.0,3149.0,570850,423705,3147.0
2022-09-14,3147.0,3150.0,3104.0,3132.0,467111,418055,3134.0
2022-09-15,3131.0,3131.0,3056.0,3073.0,529556,398621,3089.0
2022-09-16,3068.0,3095.0,3061.0,3079.0,395483,388862,3077.0
2022-09-19,3064.0,3100.0,3032.0,3067.0,509709,393148,3064.0
2022-09-20,3053.0,3087.0,3040.0,3044.0,456690,399148,3059.0
2022-09-21,3031.0,3074.0,3015.0,3065.0,470284,396403,3043.0
2022-09-22,3050.0,3139.0,3047.0,3108.0,670080,414827,3094.0
2022-09-23,3110.0,3120.0,3070.0,3085.0,559179,410769,3094.0
2022-09-26,3067.0,3115.0,3034.0,3053.0,633187,397763,3069.0
2022-09-27,3063.0,3115.0,3054.0,3104.0,551640,421897,3084.0
2022-09-28,3112.0,3179.0,3103.0,3169.0,759017,451913,3140.0
2022-09-29,3189.0,3242.0,3161.0,3239.0,619423,475586,3198.0
2022-09-30,3239.0,3270.0,3166.0,3201.0,682247,434582,3212.0
2022-10-10,3245.0,3257.0,3153.0,3177.0,440550,437497,3191.0
2022-10-11,3188.0,3200.0,3141.0,3155.0,459558,452531,3167.0
2022-10-12,3147.0,3175.0,3118.0,3168.0,517410,455093,3144.0
2022-10-13,3158.0,3209.0,3153.0,3157.0,539622,461108,3175.0
2022-10-14,3150.0,3231.0,3128.0,3225.0,647059,504514,3190.0
2022-10-17,3219.0,3239.0,3084.0,3089.0,798575,472534,3153.0
2022-10-18,3100.0,3101.0,3035.0,3047.0,658504,457376,3066.0
2022-10-19,3050.0,3065.0,3018.0,3040.0,624499,460779,3045.0
2022-10-20,3025.0,3065.0,3004.0,3048.0,612446,450420,3041.0
2022-10-21,3060.0,3096.0,2996.0,3002.0,697871,443358,3047.0
2022-10-24,2999.0,3032.0,2984.0,3016.0,696075,405785,3008.0
2022-10-25,3008.0,3021.0,2962.0,2993.0,657132,402821,2992.0
2022-10-26,2994.0,3040.0,2985.0,3029.0,514202,398909,3019.0
2022-10-27,3035.0,3042.0,2965.0,2976.0,567791,390783,2993.0
2022-10-28,2988.0,3024.0,2971.0,2981.0,621977,383211,2992.0
2022-10-31,2970.0,3014.0,2905.0,2994.0,887799,384161,2971.0
2022-11-01,2985.0,3130.0,2960.0,3112.0,1054138,404108,3063.0
2022-11-02,3122.0,3145.0,3049.0,3069.0,917986,400599,3105.0
2022-11-03,3055.0,3070.0,3015.0,3038.0,803684,391903,3040.0
2022-11-04,3017.0,3113.0,3009.0,3078.0,899412,379742,3059.0
2022-11-07,3086.0,3118.0,3052.0,3074.0,758967,381979,3085.0
2022-11-08,3082.0,3161.0,3076.0,3159.0,738343,399719,3117.0
2022-11-09,3154.0,3191.0,3135.0,3186.0,682946,411866,3159.0
2022-11-10,3185.0,3238.0,3179.0,3219.0,744406,438128,3206.0
2022-11-11,3200.0,3238.0,3152.0,3168.0,795995,427043,3192.0
2022-11-14,3160.0,3178.0,3060.0,3073.0,798303,407812,3119.0
2022-11-15,3073.0,3083.0,3036.0,3040.0,570206,403732,3062.0
2022-11-16,3035.0,3043.0,2997.0,3016.0,708929,390654,3017.0
2022-11-17,3011.0,3028.0,2988.0,3004.0,599868,374186,3010.0
2022-11-18,2991.0,3022.0,2948.0,2957.0,739592,372679,2986.0
2022-11-21,2961.0,3012.0,2961.0,2990.0,586137,353816,2989.0
2022-11-22,2990.0,3030.0,2983.0,3012.0,485817,350566,3013.0
2022-11-23,3016.0,3049.0,2982.0,3038.0,692496,345597,3019.0
2022-11-24,3030.0,3055.0,3010.0,3019.0,519493,347689,3028.0
2022-11-25,3020.0,3066.0,2987.0,3058.0,617199,348654,3036.0
2022-11-28,3058.0,3061.0,2964.0,3047.0,853862,338604,3023.0
2022-11-29,3050.0,3116.0,3036.0,3091.0,569791,330639,3078.0
2022-11-30,3090.0,3097.0,3046.0,3062.0,474376,307461,3069.0
2022-12-01,3073.0,3080.0,3036.0,3049.0,454262,294401,3058.0
2022-12-02,3032.0,3106.0,3032.0,3079.0,536882,300283,3077.0
2022-12-05,3078.0,3080.0,3013.0,3046.0,617664,267543,3043.0
2022-12-06,3052.0,3116.0,3050.0,3088.0,544659,271316,3083.0
2022-12-07,3102.0,3120.0,3077.0,3092.0,411951,266392,3097.0
2022-12-08,3093.0,3174.0,3093.0,3169.0,485759,252192,3133.0
2022-12-09,3166.0,3194.0,3141.0,3183.0,384997,219483,3170.0
2022-12-12,3177.0,3181.0,3068.0,3080.0,521810,165016,3120.0
2022-12-13,3061.0,3081.0,3050.0,3061.0,276253,143986,3065.0
2022-12-14,3064.0,3085.0,2995.0,3011.0,365052,115641,3042.0
2022-12-15,3016.0,3045.0,3006.0,3031.0,203288,96090,3024.0
2022-12-16,3001.0,3038.0,3001.0,3019.0,412026,398751,3023.0
2022-12-19,3010.0,3053.0,2953.0,2980.0,592828,403658,3002.0
2022-12-20,2987.0,2997.0,2963.0,2984.0,359190,408960,2982.0
2022-12-21,2978.0,3046.0,2978.0,3028.0,403409,411347,3021.0
2022-12-22,3031.0,3057.0,3030.0,3043.0,271426,421187,3044.0
2022-12-23,3045.0,3067.0,3016.0,3054.0,414476,418130,3043.0
2022-12-26,3053.0,3166.0,3045.0,3134.0,516431,445775,3110.0
2022-12-27,3145.0,3171.0,3126.0,3157.0,327999,457428,3150.0
2022-12-28,3157.0,3159.0,3106.0,3135.0,438042,458594,3132.0
2022-12-29,3131.0,3176.0,3122.0,3153.0,388202,465531,3151.0
2022-12-30,3147.0,3225.0,3124.0,3223.0,487155,484609,3173.0
2023-01-03,3231.0,3270.0,3201.0,3222.0,393839,497369,3231.0
2023-01-04,3222.0,3241.0,3168.0,3184.0,476475,494877,3201.0
2023-01-05,3179.0,3191.0,3151.0,3158.0,343926,487085,3168.0
2023-01-06,3155.0,3157.0,3101.0,3140.0,415982,473787,3128.0
2023-01-09,3131.0,3189.0,3129.0,3152.0,430440,485131,3156.0
2023-01-10,3149.0,3165.0,3115.0,3138.0,411937,500006,3137.0
2023-01-11,3146.0,3174.0,3128.0,3170.0,393759,516255,3153.0
2023-01-12,3177.0,3229.0,3156.0,3204.0,454709,532892,3196.0
2023-01-13,3215.0,3255.0,3203.0,3238.0,450003,546647,3224.0
2023-01-16,3227.0,3236.0,3191.0,3210.0,375186,537091,3220.0
2023-01-17,3210.0,3218.0,3169.0,3201.0,411236,531491,3196.0
2023-01-18,3212.0,3291.0,3200.0,3281.0,513287,553361,3253.0
2023-01-19,3280.0,3280.0,3193.0,3198.0,454774,532754,3222.0
2023-01-20,3198.0,3208.0,3145.0,3148.0,416685,494804,3173.0
2023-01-30,3164.0,3204.0,3152.0,3194.0,310153,501797,3187.0
2023-01-31,3205.0,3244.0,3205.0,3222.0,482483,517664,3226.0
2023-02-01,3215.0,3232.0,3172.0,3224.0,457577,516717,3201.0
2023-02-02,3235.0,3248.0,3195.0,3223.0,487172,537671,3225.0
2023-02-03,3223.0,3238.0,3163.0,3224.0,630117,507836,3200.0
2023-02-06,3229.0,3281.0,3225.0,3257.0,608840,541442,3256.0
2023-02-07,3256.0,3257.0,3179.0,3193.0,561908,504485,3207.0
2023-02-08,3190.0,3200.0,3171.0,3190.0,394427,490002,3186.0
2023-02-09,3200.0,3220.0,3150.0,3154.0,664929,497919,3185.0
2023-02-10,3170.0,3198.0,3143.0,3181.0,533131,484020,3173.0
2023-02-13,3177.0,3256.0,3170.0,3225.0,571468,499350,3221.0
2023-02-14,3222.0,3238.0,3203.0,3231.0,400103,512447,3220.0
2023-02-15,3230.0,3237.0,3165.0,3174.0,559785,496128,3194.0
2023-02-16,3161.0,3173.0,3136.0,3171.0,405938,503211,3159.0
2023-02-17,3168.0,3185.0,3153.0,3172.0,387402,504673,3168.0
2023-02-20,3182.0,3217.0,3134.0,3204.0,533271,507898,3181.0
2023-02-21,3210.0,3215.0,3185.0,3199.0,339223,501366,3199.0
2023-02-22,3196.0,3240.0,3190.0,3214.0,517106,514163,3213.0
2023-02-23,3211.0,3213.0,3172.0,3179.0,428359,489760,3188.0
2023-02-24,3179.0,3199.0,3157.0,3192.0,392822,489795,3181.0
2023-02-27,3187.0,3188.0,3135.0,3154.0,492205,492699,3157.0
2023-02-28,3155.0,3163.0,3093.0,3103.0,469612,508686,3125.0
2023-03-01,3103.0,3104.0,3054.0,3060.0,449625,511456,3075.0
2023-03-02,3060.0,3064.0,3039.0,3041.0,415475,520468,3051.0
2023-03-03,3040.0,3064.0,3029.0,3035.0,501559,527819,3044.0
2023-03-06,3041.0,3056.0,3034.0,3047.0,412351,509113,3044.0
2023-03-07,3043.0,3089.0,3043.0,3067.0,428147,479534,3069.0
2023-03-08,3060.0,3083.0,3044.0,3061.0,443378,465729,3059.0
2023-03-09,3056.0,3082.0,3052.0,3070.0,413489,449353,3070.0
2023-03-10,3073.0,3092.0,3034.0,3044.0,564008,446253,3063.0
2023-03-13,3031.0,3069.0,2996.0,3060.0,600463,426368,3034.0
2023-03-14,3041.0,3067.0,3012.0,3046.0,633688,417032,3042.0
2023-03-15,3041.0,3051.0,3012.0,3019.0,531168,401728,3029.0
2023-03-16,3005.0,3013.0,2975.0,2988.0,548469,393219,2994.0
2023-03-17,2994.0,3028.0,2966.0,2969.0,681490,405999,2997.0
2023-03-20,2975.0,2977.0,2899.0,2905.0,540090,419785,2942.0
2023-03-21,2910.0,2931.0,2885.0,2903.0,485902,412423,2905.0
2023-03-22,2922.0,2929.0,2825.0,2872.0,626145,403845,2870.0
2023-03-23,2866.0,2868.0,2806.0,2819.0,542631,407896,2834.0
2023-03-24,2812.0,2819.0,2733.0,2776.0,883220,398578,2774.0
2023-03-27,2759.0,2808.0,2756.0,2773.0,621445,393679,2780.0
2023-03-28,2786.0,2807.0,2764.0,2797.0,590728,387459,2782.0
2023-03-29,2813.0,2837.0,2779.0,2786.0,512535,365850,2810.0
2023-03-30,2793.0,2806.0,2786.0,2792.0,400219,351268,2796.0
2023-03-31,2800.0,2810.0,2745.0,2750.0,657795,359737,2776.0
2023-04-03,2755.0,2895.0,2741.0,2885.0,860430,309785,2820.0
2023-04-04,2891.0,2928.0,2886.0,2909.0,448252,281618,2903.0
2023-04-06,2879.0,2910.0,2865.0,2880.0,290576,263562,2891.0
2023-04-07,2872.0,2875.0,2821.0,2845.0,422994,235318,2841.0
2023-04-10,2854.0,2854.0,2814.0,2841.0,294027,229512,2837.0
2023-04-11,2832.0,2878.0,2816.0,2869.0,398157,218774,2842.0
2023-04-12,2869.0,2884.0,2831.0,2867.0,384809,187144,2862.0
2023-04-13,2876.0,2921.0,2867.0,2911.0,354316,151166,2891.0
2023-04-14,2920.0,2933.0,2893.0,2897.0,264593,118757,2914.0
2023-04-17,2876.0,2891.0,2825.0,2891.0,423293,330512,2861.0
2023-04-18,2901.0,2962.0,2897.0,2949.0,579107,351930,2941.0
2023-04-19,2941.0,2945.0,2901.0,2913.0,506162,359851,2923.0
2023-04-20,2911.0,2920.0,2812.0,2832.0,604317,357065,2859.0
2023-04-21,2816.0,2841.0,2785.0,2790.0,554990,367002,2818.0
2023-04-24,2785.0,2864.0,2753.0,2853.0,678179,369488,2804.0
2023-04-25,2852.0,2893.0,2832.0,2884.0,636818,383908,2862.0
2023-04-26,2879.0,2929.0,2857.0,2927.0,672775,386371,2897.0
2023-04-27,2928.0,2943.0,2903.0,2926.0,548715,390007,2928.0
2023-04-28,2920.0,3012.0,2903.0,2998.0,760452,410417,2964.0
2023-05-04,2973.0,3007.0,2915.0,2919.0,622497,399884,2955.0
2023-05-05,2917.0,2991.0,2883.0,2987.0,766738,421148,2932.0
2023-05-08,2981.0,3048.0,2981.0,3024.0,865177,451974,3019.0
2023-05-09,3030.0,3071.0,3006.0,3042.0,766575,471176,3037.0
2023-05-10,3035.0,3039.0,2957.0,2988.0,858102,446540,3004.0
2023-05-11,2997.0,3022.0,2975.0,2983.0,664240,457799,2997.0
2023-05-12,2964.0,3054.0,2937.0,3045.0,832349,479796,3003.0
2023-05-15,3051.0,3053.0,2962.0,3023.0,891236,465637,3008.0
2023-05-16,3033.0,3065.0,3017.0,3053.0,675374,489727,3044.0
2023-05-17,3046.0,3047.0,2975.0,2994.0,710053,462020,3007.0
2023-05-18,2990.0,3069.0,2967.0,3057.0,898995,521382,3023.0
2023-05-19,3057.0,3095.0,3016.0,3022.0,952912,506558,3056.0
2023-05-22,3030.0,3046.0,2970.0,3012.0,837906,483537,3011.0
2023-05-23,3027.0,3119.0,3023.0,3082.0,839573,548077,3083.0
2023-05-24,3094.0,3096.0,2997.0,3007.0,748977,502855,3049.0
2023-05-25,3011.0,3037.0,2967.0,2988.0,713978,489682,3002.0
2023-05-26,2988.0,2997.0,2931.0,2981.0,683251,465019,2964.0
2023-05-29,2983.0,3017.0,2923.0,2930.0,818836,472777,2961.0
2023-05-30,2924.0,2945.0,2908.0,2925.0,571887,468925,2926.0
2023-05-31,2927.0,2945.0,2894.0,2924.0,716068,459073,2920.0
2023-06-01,2905.0,2996.0,2889.0,2981.0,604345,473675,2948.0
2023-06-02,2987.0,2995.0,2877.0,2898.0,820137,449993,2921.0
2023-06-05,2891.0,3045.0,2891.0,3018.0,943063,474180,2984.0
2023-06-06,3028.0,3045.0,2971.0,2976.0,704656,435710,3013.0
2023-06-07,2970.0,2987.0,2950.0,2974.0,546693,433923,2969.0
2023-06-08,2977.0,3006.0,2943.0,2952.0,633591,402123,2978.0
2023-06-09,2968.0,3005.0,2948.0,2996.0,560249,392513,2978.0
2023-06-12,3003.0,3041.0,2994.0,3005.0,630516,408947,3017.0
2023-06-13,3008.0,3063.0,2993.0,3051.0,666416,453327,3023.0
2023-06-14,3068.0,3071.0,3025.0,3033.0,437617,436192,3046.0
2023-06-15,3026.0,3103.0,3019.0,3089.0,621314,473934,3062.0
2023-06-16,3095.0,3177.0,3093.0,3167.0,746926,492274,3148.0
2023-06-19,3189.0,3243.0,3168.0,3213.0,799232,484187,3198.0
2023-06-20,3210.0,3306.0,3210.0,3276.0,825426,502253,3268.0
2023-06-21,3265.0,3351.0,3255.0,3350.0,900054,524666,3308.0
2023-06-26,3277.0,3334.0,3264.0,3331.0,522296,532162,3301.0
2023-06-27,3340.0,3357.0,3262.0,3285.0,829900,511300,3304.0
2023-06-28,3261.0,3296.0,3226.0,3279.0,683809,517861,3258.0
2023-06-29,3258.0,3330.0,3254.0,3322.0,863730,561276,3289.0
2023-06-30,3312.0,3350.0,3283.0,3338.0,908823,550953,3318.0
2023-07-03,3338.0,3584.0,3330.0,3584.0,862410,541750,3480.0
2023-07-04,3600.0,3610.0,3496.0,3523.0,951873,498699,3544.0
2023-07-05,3520.0,3554.0,3507.0,3529.0,584590,503050,3528.0
2023-07-06,3518.0,3620.0,3500.0,3618.0,990002,555383,3561.0
2023-07-07,3606.0,3664.0,3577.0,3606.0,1389886,559255,3623.0
2023-07-10,3611.0,3623.0,3557.0,3617.0,916989,542925,3589.0
2023-07-11,3630.0,3690.0,3614.0,3637.0,1010328,536868,3651.0
2023-07-12,3660.0,3736.0,3633.0,3689.0,831737,551036,3691.0
2023-07-13,3707.0,3757.0,3640.0,3753.0,1122107,570253,3705.0
2023-07-14,3766.0,3819.0,3744.0,3757.0,1183737,554408,3784.0
2023-07-17,3770.0,3817.0,3713.0,3720.0,1182247,537233,3767.0
2023-07-18,3743.0,3799.0,3674.0,3680.0,1112101,524377,3740.0
2023-07-19,3707.0,3783.0,3695.0,3753.0,1106302,507225,3736.0
2023-07-20,3786.0,3846.0,3716.0,3767.0,1186409,494938,3778.0
2023-07-21,3772.0,3773.0,3667.0,3701.0,1340234,483987,3707.0
2023-07-24,3690.0,3758.0,3640.0,3656.0,1197112,471038,3697.0
2023-07-25,3675.0,3774.0,3648.0,3749.0,988908,469976,3713.0
2023-07-26,3733.0,3755.0,3670.0,3715.0,911237,432971,3714.0
2023-07-27,3715.0,3835.0,3690.0,3720.0,1165197,414341,3758.0
2023-07-28,3719.0,3753.0,3660.0,3683.0,835015,393633,3705.0
2023-07-31,3671.0,3675.0,3539.0,3606.0,920501,351143,3599.0
2023-08-01,3597.0,3697.0,3595.0,3670.0,793461,341576,3658.0
2023-08-02,3655.0,3692.0,3617.0,3671.0,735572,322134,3656.0
2023-08-03,3644.0,3750.0,3606.0,3737.0,928401,325232,3674.0
2023-08-04,3751.0,3777.0,3715.0,3747.0,641444,300397,3749.0
2023-08-07,3750.0,3790.0,3705.0,3765.0,671895,292534,3740.0
2023-08-08,3750.0,3756.0,3673.0,3732.0,675691,259788,3715.0
2023-08-09,3715.0,3841.0,3685.0,3755.0,758910,231485,3764.0
2023-08-10,3754.0,3865.0,3727.0,3862.0,593750,229233,3784.0
2023-08-11,3856.0,3905.0,3787.0,3850.0,729776,198847,3848.0
2023-08-14,3850.0,3936.0,3801.0,3921.0,571307,188356,3876.0
2023-08-15,3910.0,3965.0,3886.0,3948.0,436518,164818,3932.0
2023-08-16,3922.0,3983.0,3922.0,3969.0,260033,137543,3946.0
2023-08-17,3283.0,3373.0,3276.0,3345.0,806748,463504,3324.0
2023-08-18,3342.0,3412.0,3336.0,3407.0,704682,489398,3377.0
2023-08-21,3414.0,3523.0,3395.0,3472.0,994835,509537,3466.0
2023-08-22,3475.0,3492.0,3321.0,3332.0,1114210,509890,3403.0
2023-08-23,3345.0,3368.0,3304.0,3311.0,812261,518870,3337.0
2023-08-24,3312.0,3358.0,3305.0,3321.0,726953,516650,3326.0
2023-08-25,3313.0,3427.0,3285.0,3381.0,911772,524287,3369.0
2023-08-28,3390.0,3460.0,3363.0,3392.0,996276,510788,3408.0
2023-08-29,3392.0,3452.0,3373.0,3382.0,893829,516161,3413.0
2023-08-30,3370.0,3399.0,3339.0,3383.0,817912,516606,3373.0
2023-08-31,3400.0,3447.0,3373.0,3399.0,880932,526030,3407.0
2023-09-01,3402.0,3422.0,3345.0,3400.0,1064560,520852,3391.0
2023-09-04,3393.0,3426.0,3257.0,3262.0,1153847,520794,3327.0
2023-09-05,3254.0,3344.0,3244.0,3302.0,847332,510136,3297.0
2023-09-06,3310.0,3368.0,3296.0,3352.0,688110,519104,3337.0
2023-09-07,3366.0,3396.0,3341.0,3381.0,812070,545525,3372.0
2023-09-08,3390.0,3390.0,3221.0,3234.0,1096150,526110,3288.0
2023-09-11,3248.0,3300.0,3225.0,3286.0,789601,517291,3266.0
2023-09-12,3287.0,3307.0,3191.0,3196.0,836927,552001,3255.0
2023-09-13,3201.0,3213.0,3109.0,3136.0,1010254,561367,3148.0
2023-09-14,3142.0,3146.0,3076.0,3102.0,919242,569520,3105.0
2023-09-15,3106.0,3180.0,3091.0,3174.0,860100,552503,3140.0
2023-09-18,3161.0,3191.0,3098.0,3152.0,911493,549137,3150.0
2023-09-19,3152.0,3165.0,3087.0,3128.0,903380,538339,3122.0
2023-09-20,3140.0,3198.0,3121.0,3184.0,913386,532655,3157.0
2023-09-21,3188.0,3192.0,3110.0,3123.0,857299,507939,3150.0
2023-09-22,3110.0,3137.0,3071.0,3115.0,922466,493199,3111.0
2023-09-25,3120.0,3184.0,3111.0,3116.0,1090084,487533,3140.0
2023-09-26,3127.0,3176.0,3080.0,3113.0,1044202,495927,3132.0
2023-09-27,3119.0,3164.0,3047.0,3148.0,1206868,512728,3096.0
2023-09-28,3146.0,3185.0,3082.0,3100.0,857549,481618,3129.0
2023-10-09,3040.0,3050.0,2977.0,2986.0,594932,493657,3001.0
2023-10-10,2986.0,2992.0,2916.0,2921.0,766025,526155,2951.0
2023-10-11,2927.0,2938.0,2853.0,2873.0,811954,555971,2900.0
2023-10-12,2862.0,2896.0,2856.0,2888.0,659444,549031,2879.0
2023-10-13,2890.0,2932.0,2857.0,2913.0,723560,533674,2894.0
2023-10-16,2922.0,2947.0,2875.0,2938.0,780085,520431,2916.0
2023-10-17,2929.0,2956.0,2910.0,2926.0,653040,520318,2933.0
2023-10-18,2929.0,2973.0,2888.0,2890.0,711262,538859,2930.0
2023-10-19,2891.0,2942.0,2874.0,2917.0,651768,531966,2909.0
2023-10-20,2927.0,2966.0,2909.0,2925.0,917778,525552,2936.0
2023-10-23,2921.0,2989.0,2906.0,2945.0,1221592,519641,2945.0
2023-10-24,2943.0,2949.0,2885.0,2926.0,950849,523553,2916.0
2023-10-25,2932.0,3024.0,2929.0,2931.0,1125975,530484,2968.0
2023-10-26,2930.0,2936.0,2890.0,2928.0,890860,527881,2916.0
2023-10-27,2925.0,2956.0,2922.0,2947.0,798767,518226,2941.0
2023-10-30,2958.0,3021.0,2952.0,2983.0,967630,559288,2985.0
2023-10-31,2970.0,2971.0,2869.0,2873.0,1071478,629717,2905.0
2023-11-01,2885.0,2898.0,2834.0,2865.0,1090190,643174,2863.0
2023-11-02,2868.0,2933.0,2863.0,2922.0,882667,593014,2897.0
2023-11-03,2924.0,2965.0,2909.0,2960.0,863068,572740,2939.0
2023-11-06,2970.0,3033.0,2954.0,3007.0,863048,570046,2992.0
2023-11-07,3007.0,3082.0,2987.0,3058.0,983796,586315,3039.0
2023-11-08,3058.0,3105.0,3056.0,3059.0,1005709,602214,3080.0
2023-11-09,3072.0,3081.0,3033.0,3055.0,764953,593559,3059.0
2023-11-10,3055.0,3058.0,2924.0,2928.0,1091873,567394,2983.0
2023-11-13,2928.0,2953.0,2911.0,2948.0,656076,545339,2932.0
2023-11-14,2952.0,3006.0,2932.0,2983.0,673841,531375,2974.0
2023-11-15,2977.0,3020.0,2967.0,3002.0,650842,541858,2992.0
2023-11-16,3007.0,3011.0,2971.0,2991.0,584876,548425,2988.0
2023-11-17,2969.0,2974.0,2887.0,2895.0,781002,534537,2926.0
2023-11-20,2900.0,2908.0,2872.0,2884.0,603510,514760,2891.0
2023-11-21,2880.0,2912.0,2862.0,2900.0,651326,508699,2888.0
2023-11-22,2905.0,2938.0,2844.0,2858.0,770291,509670,2896.0
2023-11-23,2855.0,2885.0,2828.0,2861.0,701066,489180,2858.0
2023-11-24,2859.0,2897.0,2852.0,2893.0,487375,477049,2875.0
2023-11-27,2885.0,2920.0,2831.0,2839.0,586974,455745,2878.0
2023-11-28,2848.0,2854.0,2775.0,2845.0,656599,437612,2816.0
2023-11-29,2849.0,2862.0,2820.0,2841.0,443383,422361,2843.0
2023-11-30,2850.0,2869.0,2812.0,2833.0,518710,415503,2838.0
2023-12-01,2824.0,2840.0,2737.0,2754.0,593243,396973,2790.0
2023-12-04,2754.0,2796.0,2727.0,2735.0,485336,368959,2764.0
2023-12-05,2738.0,2800.0,2737.0,2773.0,508340,346484,2769.0
2023-12-06,2768.0,2799.0,2746.0,2796.0,419583,320069,2770.0
2023-12-07,2802.0,2815.0,2752.0,2807.0,418890,291796,2790.0
2023-12-08,2818.0,2851.0,2806.0,2843.0,368589,250455,2829.0
2023-12-11,2850.0,2907.0,2844.0,2863.0,426775,214866,2874.0
2023-12-12,2867.0,2915.0,2854.0,2909.0,298058,197915,2888.0
2023-12-13,2903.0,2913.0,2863.0,2883.0,299173,174517,2885.0
2023-12-14,2913.0,2913.0,2852.0,2863.0,419309,757512,2881.0
2023-12-15,2866.0,2912.0,2861.0,2864.0,428702,748481,2882.0
2023-12-18,2867.0,2872.0,2793.0,2815.0,439922,733481,2829.0
2023-12-19,2817.0,2868.0,2811.0,2836.0,469512,728775,2844.0
2023-12-20,2830.0,2864.0,2816.0,2831.0,515864,721598,2839.0
2023-12-21,2832.0,2887.0,2812.0,2879.0,649221,726256,2843.0
2023-12-22,2885.0,2903.0,2792.0,2835.0,799935,705807,2841.0
2023-12-25,2834.0,2879.0,2826.0,2847.0,595265,684126,2856.0
2023-12-26,2844.0,2899.0,2832.0,2835.0,643504,674695,2865.0
2023-12-27,2828.0,2922.0,2828.0,2913.0,758466,667870,2887.0
2023-12-28,2908.0,2934.0,2887.0,2924.0,573988,638523,2912.0
2023-12-29,2928.0,2957.0,2868.0,2870.0,797818,580201,2923.0
2024-01-02,2842.0,2850.0,2767.0,2778.0,523149,598687,2789.0
2024-01-03,2778.0,2781.0,2735.0,2762.0,445602,588542,2760.0
2024-01-04,2765.0,2794.0,2755.0,2778.0,412852,550452,2770.0
2024-01-05,2771.0,2775.0,2706.0,2711.0,471150,553103,2743.0
2024-01-08,2708.0,2716.0,2654.0,2681.0,403675,549180,2689.0
2024-01-09,2673.0,2682.0,2634.0,2659.0,395626,540567,2658.0
2024-01-10,2655.0,2675.0,2631.0,2643.0,354907,503035,2656.0
2024-01-11,2643.0,2643.0,2573.0,2629.0,521156,467956,2612.0
2024-01-12,2632.0,2632.0,2585.0,2618.0,431648,420302,2610.0
2024-01-15,2624.0,2656.0,2602.0,2637.0,447321,383920,2633.0
2024-01-16,2644.0,2648.0,2561.0,2602.0,574377,333852,2601.0
2024-01-17,2610.0,2612.0,2571.0,2579.0,354306,303430,2591.0
2024-01-18,2576.0,2576.0,2504.0,2564.0,852525,558189,2542.0
2024-01-19,2571.0,2586.0,2545.0,2549.0,553904,560913,2564.0
2024-01-22,2545.0,2566.0,2522.0,2524.0,590113,582955,2546.0
2024-01-23,2520.0,2553.0,2513.0,2529.0,489378,594681,2534.0
2024-01-24,2535.0,2560.0,2530.0,2555.0,455877,590535,2545.0
2024-01-25,2549.0,2565.0,2516.0,2528.0,535212,640382,2543.0
2024-01-26,2525.0,2547.0,2502.0,2509.0,783720,643509,2522.0
2024-01-29,2496.0,2496.0,2436.0,2451.0,783722,685057,2459.0
2024-01-30,2452.0,2485.0,2428.0,2462.0,703439,672639,2456.0
2024-01-31,2474.0,2508.0,2459.0,2480.0,629720,632568,2483.0
2024-02-01,2473.0,2540.0,2473.0,2528.0,628199,613129,2514.0
2024-02-02,2523.0,2532.0,2497.0,2502.0,534694,596116,2518.0
2024-02-05,2505.0,2526.0,2475.0,2484.0,575297,590522,2501.0
2024-02-06,2471.0,2493.0,2463.0,2483.0,496848,600401,2475.0
2024-02-07,2483.0,2498.0,2425.0,2437.0,553566,627185,2463.0
2024-02-08,2428.0,2482.0,2417.0,2470.0,507584,574595,2447.0
2024-02-19,2459.0,2491.0,2454.0,2484.0,335653,596646,2475.0
2024-02-20,2491.0,2506.0,2468.0,2475.0,507037,653320,2485.0
2024-02-21,2472.0,2490.0,2438.0,2447.0,645011,699425,2461.0
2024-02-22,2438.0,2449.0,2423.0,2449.0,663060,758890,2437.0
2024-02-23,2449.0,2456.0,2420.0,2447.0,654297,783590,2440.0
2024-02-26,2449.0,2466.0,2428.0,2438.0,707388,793733,2445.0
2024-02-27,2440.0,2473.0,2430.0,2469.0,723796,781041,2456.0
2024-02-28,2475.0,2492.0,2454.0,2463.0,653851,793389,2471.0
2024-02-29,2463.0,2470.0,2442.0,2448.0,691940,825288,2457.0
2024-03-01,2435.0,2497.0,2429.0,2495.0,838525,794539,2464.0
2024-03-04,2498.0,2523.0,2489.0,2521.0,698505,760631,2506.0
2024-03-05,2524.0,2549.0,2510.0,2529.0,861885,747600,2529.0
2024-03-06,2525.0,2548.0,2523.0,2527.0,660164,734421,2534.0
2024-03-07,2523.0,2537.0,2513.0,2529.0,601644,733233,2525.0
2024-03-08,2541.0,2592.0,2530.0,2591.0,845377,691964,2557.0
2024-03-11,2583.0,2644.0,2577.0,2607.0,855773,664184,2603.0
2024-03-12,2602.0,2675.0,2594.0,2654.0,1143884,682006,2643.0
2024-03-13,2657.0,2669.0,2615.0,2627.0,954388,692263,2644.0
2024-03-14,2623.0,2653.0,2599.0,2647.0,1105462,675602,2624.0
2024-03-15,2644.0,2689.0,2617.0,2660.0,1203096,630878,2655.0
2024-03-18,2650.0,2709.0,2641.0,2649.0,1088430,602472,2670.0
2024-03-19,2656.0,2706.0,2651.0,2702.0,887100,589585,2671.0
2024-03-20,2696.0,2726.0,2685.0,2716.0,1116727,579751,2706.0
2024-03-21,2723.0,2800.0,2715.0,2767.0,1046706,568893,2757.0
2024-03-22,2764.0,2777.0,2710.0,2713.0,961501,567330,2743.0
2024-03-25,2717.0,2720.0,2622.0,2645.0,1148159,569858,2661.0
2024-03-26,2648.0,2667.0,2637.0,2640.0,724539,535714,2651.0
2024-03-27,2641.0,2653.0,2619.0,2642.0,685877,505549,2637.0
2024-03-28,2637.0,2653.0,2571.0,2593.0,855206,464333,2611.0
2024-03-29,2591.0,2630.0,2580.0,2622.0,612458,408314,2607.0
2024-04-01,2625.0,2646.0,2579.0,2644.0,614726,377030,2618.0
2024-04-02,2636.0,2650.0,2620.0,2620.0,518812,324110,2636.0
2024-04-03,2620.0,2657.0,2598.0,2630.0,678849,272063,2632.0
2024-04-08,2644.0,2678.0,2636.0,2652.0,327204,234321,2662.0
2024-04-09,2720.0,2731.0,2692.0,2720.0,610755,619318,2716.0
2024-04-10,2716.0,2732.0,2698.0,2720.0,676404,648792,2720.0
2024-04-11,2715.0,2718.0,2680.0,2701.0,759247,638473,2696.0
2024-04-12,2698.0,2717.0,2668.0,2716.0,629811,630308,2695.0
2024-04-15,2723.0,2778.0,2722.0,2770.0,864252,660788,2756.0
2024-04-16,2775.0,2849.0,2755.0,2822.0,1201173,726764,2808.0
2024-04-17,2816.0,2832.0,2687.0,2699.0,1528760,708507,2743.0
2024-04-18,2703.0,2721.0,2688.0,2715.0,783050,708120,2706.0
2024-04-19,2703.0,2767.0,2697.0,2758.0,942959,699685,2728.0
2024-04-22,2760.0,2773.0,2726.0,2734.0,839147,710490,2751.0
2024-04-23,2729.0,2814.0,2708.0,2767.0,1230299,729467,2770.0
2024-04-24,2754.0,2806.0,2754.0,2796.0,831527,769073,2782.0
2024-04-25,2799.0,2810.0,2766.0,2787.0,853266,773686,2785.0
2024-04-26,2781.0,2809.0,2757.0,2791.0,849071,760691,2786.0
2024-04-29,2788.0,2812.0,2747.0,2770.0,835390,755793,2776.0
2024-04-30,2779.0,2793.0,2749.0,2783.0,756451,711975,2774.0
2024-05-06,2848.0,2864.0,2823.0,2842.0,671816,717721,2850.0
2024-05-07,2849.0,2938.0,2849.0,2924.0,1010415,772989,2904.0
2024-05-08,2910.0,2937.0,2890.0,2909.0,892217,781037,2913.0
2024-05-09,2900.0,2921.0,2876.0,2893.0,846575,761861,2897.0
2024-05-10,2883.0,2900.0,2841.0,2857.0,840610,750606,2871.0
2024-05-13,2858.0,2889.0,2854.0,2879.0,612956,759096,2871.0
2024-05-14,2871.0,2920.0,2867.0,2878.0,868341,748863,2897.0
2024-05-15,2874.0,2915.0,2867.0,2896.0,770112,761081,2892.0
2024-05-16,2905.0,2912.0,2861.0,2875.0,721766,764467,2886.0
2024-05-17,2877.0,2908.0,2858.0,2902.0,766861,761503,2883.0
2024-05-20,2899.0,2913.0,2855.0,2875.0,831731,787723,2880.0
2024-05-21,2875.0,2919.0,2850.0,2859.0,1024049,790846,2887.0
2024-05-22,2861.0,2941.0,2842.0,2940.0,1101226,804050,2888.0
2024-05-23,2937.0,2963.0,2900.0,2923.0,1574266,833040,2934.0
2024-05-24,2941.0,2950.0,2888.0,2895.0,938467,838124,2922.0
2024-05-27,2905.0,2927.0,2870.0,2879.0,944731,877490,2893.0
2024-05-28,2872.0,2904.0,2851.0,2857.0,819126,892400,2880.0
2024-05-29,2840.0,2851.0,2771.0,2803.0,1314597,908688,2801.0
2024-05-30,2796.0,2805.0,2773.0,2791.0,803768,905852,2791.0
2024-05-31,2790.0,2796.0,2762.0,2786.0,770368,897939,2781.0
2024-06-03,2797.0,2805.0,2726.0,2735.0,823187,886752,2761.0
2024-06-04,2741.0,2767.0,2716.0,2758.0,785508,856299,2745.0
2024-06-05,2757.0,2795.0,2751.0,2779.0,813994,857835,2777.0
2024-06-06,2782.0,2795.0,2745.0,2778.0,835741,860892,2771.0
2024-06-07,2776.0,2806.0,2753.0,2756.0,898234,892807,2778.0
2024-06-11,2760.0,2777.0,2737.0,2742.0,572812,883787,2755.0
2024-06-12,2741.0,2751.0,2711.0,2747.0,831338,899020,2734.0
2024-06-13,2747.0,2752.0,2660.0,2660.0,1072379,955530,2714.0
2024-06-14,2670.0,2707.0,2661.0,2698.0,929447,907092,2682.0
2024-06-17,2696.0,2699.0,2612.0,2628.0,942376,914085,2649.0
2024-06-18,2629.0,2630.0,2592.0,2593.0,876115,921066,2607.0
2024-06-19,2597.0,2604.0,2576.0,2586.0,769777,933503,2590.0
2024-06-20,2588.0,2598.0,2561.0,2583.0,915589,943769,2581.0
2024-06-21,2573.0,2595.0,2548.0,2581.0,1032283,926400,2573.0
2024-06-24,2580.0,2619.0,2574.0,2593.0,1011901,945922,2598.0
2024-06-25,2588.0,2612.0,2562.0,2591.0,927767,978208,2583.0
2024-06-26,2577.0,2615.0,2574.0,2606.0,891728,1002367,2592.0
2024-06-27,2601.0,2644.0,2595.0,2628.0,1322911,1015010,2624.0
2024-06-28,2634.0,2645.0,2612.0,2637.0,832142,1004755,2632.0
2024-07-01,2635.0,2659.0,2612.0,2653.0,1213537,1021447,2638.0
2024-07-02,2645.0,2685.0,2638.0,2678.0,1074823,1020540,2659.0
2024-07-03,2685.0,2714.0,2663.0,2671.0,1228556,1058109,2689.0
2024-07-04,2674.0,2682.0,2596.0,2604.0,1541811,1057407,2642.0
2024-07-05,2602.0,2642.0,2597.0,2628.0,1054899,1017792,2619.0
2024-07-08,2633.0,2659.0,2617.0,2623.0,1177993,998437,2638.0
2024-07-09,2613.0,2614.0,2536.0,2551.0,1392279,1040074,2565.0
2024-07-10,2555.0,2560.0,2490.0,2514.0,1111558,1009325,2520.0
2024-07-11,2528.0,2530.0,2479.0,2485.0,926152,1027340,2502.0
2024-07-12,2497.0,2509.0,2467.0,2470.0,1049813,1038138,2490.0
2024-07-15,2472.0,2477.0,2396.0,2412.0,1477621,1069961,2428.0
2024-07-16,2407.0,2465.0,2401.0,2462.0,1637718,1123162,2441.0
2024-07-17,2464.0,2585.0,2456.0,2479.0,4926639,1239807,2520.0
2024-07-18,2485.0,2510.0,2442.0,2470.0,3191507,1203637,2477.0
2024-07-19,2470.0,2532.0,2460.0,2518.0,3188470,1205433,2500.0
2024-07-22,2527.0,2533.0,2487.0,2503.0,2080035,1168139,2513.0
2024-07-23,2495.0,2526.0,2446.0,2447.0,2177844,1066442,2490.0
2024-07-24,2460.0,2493.0,2458.0,2473.0,1456556,979905,2474.0
2024-07-25,2479.0,2479.0,2413.0,2429.0,1345416,972847,2441.0
2024-07-26,2441.0,2493.0,2435.0,2479.0,1442418,905928,2466.0
2024-07-29,2469.0,2507.0,2383.0,2449.0,2020142,905363,2448.0
2024-07-30,2440.0,2465.0,2397.0,2411.0,1133318,895843,2429.0
2024-07-31,2396.0,2435.0,2390.0,2426.0,987173,857278,2416.0
2024-08-01,2420.0,2427.0,2365.0,2412.0,1328637,858467,2401.0
2024-08-02,2408.0,2411.0,2368.0,2403.0,983576,812671,2391.0
2024-08-05,2400.0,2407.0,2363.0,2366.0,918212,816576,2386.0
2024-08-06,2345.0,2378.0,2303.0,2306.0,1245753,743759,2340.0
2024-08-07,2317.0,2317.0,2246.0,2257.0,1140495,675232,2278.0
2024-08-08,2257.0,2263.0,2235.0,2237.0,736927,565195,2248.0
2024-08-09,2241.0,2260.0,2221.0,2238.0,527498,496202,2238.0
2024-08-12,2276.0,2283.0,2237.0,2268.0,1026584,948030,2264.0
2024-08-13,2268.0,2278.0,2157.0,2175.0,1800612,1037639,2224.0
2024-08-14,2175.0,2176.0,2116.0,2148.0,1639174,1057745,2145.0
2024-08-15,2151.0,2190.0,2148.0,2188.0,1313141,1052552,2173.0
2024-08-16,2184.0,2207.0,2158.0,2166.0,1253473,1050440,2184.0
2024-08-19,2161.0,2189.0,2151.0,2165.0,1136985,1074819,2167.0
2024-08-20,2160.0,2200.0,2160.0,2183.0,1032899,1070563,2180.0
2024-08-21,2186.0,2218.0,2176.0,2217.0,1134587,1075185,2193.0
2024-08-22,2217.0,2232.0,2180.0,2185.0,1185883,1095707,2209.0
2024-08-23,2175.0,2195.0,2162.0,2165.0,1112391,1105238,2179.0
2024-08-26,2166.0,2209.0,2153.0,2205.0,1477342,1112916,2181.0
2024-08-27,2190.0,2228.0,2190.0,2222.0,1139037,1120704,2210.0
2024-08-28,2225.0,2254.0,2221.0,2231.0,1214555,1117487,2237.0
2024-08-29,2221.0,2253.0,2212.0,2240.0,984473,1082142,2235.0
2024-08-30,2252.0,2271.0,2241.0,2248.0,1109171,1063470,2256.0
2024-09-02,2253.0,2259.0,2222.0,2240.0,1240303,1048846,2240.0
2024-09-03,2246.0,2375.0,2221.0,2375.0,2849579,1018521,2306.0
2024-09-04,2385.0,2464.0,2378.0,2418.0,3109188,876625,2413.0
2024-09-05,2426.0,2542.0,2421.0,2524.0,4692224,1031836,2501.0
2024-09-06,2513.0,2586.0,2500.0,2549.0,4856914,987616,2541.0
2024-09-09,2560.0,2563.0,2425.0,2532.0,5618060,925715,2499.0
2024-09-10,2548.0,2556.0,2457.0,2462.0,3833652,863865,2497.0
2024-09-11,2453.0,2530.0,2446.0,2522.0,2796115,847064,2488.0
2024-09-12,2522.0,2570.0,2499.0,2547.0,1995672,824335,2530.0
2024-09-13,2554.0,2578.0,2512.0,2573.0,1570511,747254,2543.0
2024-09-18,2580.0,2598.0,2547.0,2580.0,858531,747513,2572.0
2024-09-19,2576.0,2596.0,2506.0,2534.0,1072169,729281,2549.0
2024-09-20,2537.0,2564.0,2493.0,2528.0,1256752,691124,2524.0
2024-09-23,2514.0,2524.0,2472.0,2500.0,974934,644625,2498.0
2024-09-24,2511.0,2560.0,2502.0,2555.0,790560,612847,2532.0
2024-09-25,2580.0,2586.0,2508.0,2514.0,947441,609090,2560.0
2024-09-26,2500.0,2627.0,2497.0,2588.0,1220379,581483,2571.0
2024-09-27,2600.0,2613.0,2528.0,2571.0,888920,533703,2570.0
2024-09-30,2565.0,2648.0,2565.0,2618.0,808648,482300,2604.0
2024-10-08,2594.0,2595.0,2447.0,2489.0,682385,514922,2508.0
2024-10-09,2483.0,2570.0,2468.0,2470.0,917867,512019,2517.0
2024-10-10,2470.0,2509.0,2458.0,2492.0,649942,509561,2489.0
2024-10-11,2480.0,2488.0,2432.0,2441.0,708391,526775,2463.0
2024-10-14,2448.0,2487.0,2406.0,2473.0,795271,511925,2450.0
2024-10-15,2465.0,2499.0,2439.0,2449.0,635194,521774,2464.0
2024-10-16,2445.0,2484.0,2430.0,2466.0,589457,542940,2457.0
2024-10-17,2470.0,2504.0,2411.0,2416.0,623665,610927,2453.0
2024-10-18,2405.0,2460.0,2380.0,2449.0,582428,589474,2420.0
2024-10-21,2456.0,2465.0,2267.0,2322.0,1226576,629283,2349.0
2024-10-22,2329.0,2356.0,2309.0,2345.0,427665,618188,2330.0
2024-10-23,2341.0,2426.0,2339.0,2400.0,558049,611519,2385.0
2024-10-24,2400.0,2424.0,2376.0,2402.0,362885,604140,2398.0
2024-10-25,2417.0,2432.0,2371.0,2380.0,348791,608083,2400.0
2024-10-28,2375.0,2410.0,2357.0,2406.0,368262,598160,2385.0
2024-10-29,2400.0,2404.0,2353.0,2390.0,456561,600935,2380.0
2024-10-30,2380.0,2393.0,2333.0,2365.0,467517,615518,2358.0
2024-10-31,2370.0,2380.0,2329.0,2338.0,393897,643230,2351.0
2024-11-01,2346.0,2384.0,2336.0,2340.0,469385,609204,2357.0
2024-11-04,2350.0,2395.0,2334.0,2358.0,511714,585278,2362.0
2024-11-05,2361.0,2371.0,2324.0,2332.0,386628,613670,2344.0
2024-11-06,2338.0,2368.0,2336.0,2357.0,366633,574846,2353.0
2024-11-07,2360.0,2482.0,2351.0,2448.0,825276,558273,2429.0
2024-11-08,2455.0,2463.0,2372.0,2383.0,608483,549274,2423.0
2024-11-11,2390.0,2477.0,2375.0,2461.0,539019,504828,2438.0
2024-11-12,2450.0,2489.0,2405.0,2423.0,470027,516075,2446.0
2024-11-13,2419.0,2430.0,2399.0,2427.0,273816,510047,2416.0
2024-11-14,2432.0,2446.0,2410.0,2430.0,346180,477207,2431.0
2024-11-15,2438.0,2452.0,2334.0,2341.0,579240,517059,2381.0
2024-11-18,2345.0,2404.0,2335.0,2395.0,366914,492062,2372.0
2024-11-19,2401.0,2427.0,2382.0,2388.0,317633,484643,2403.0
2024-11-20,2395.0,2398.0,2349.0,2356.0,330706,510519,2369.0
2024-11-21,2348.0,2353.0,2307.0,2315.0,350151,556870,2326.0
2024-11-22,2306.0,2314.0,2220.0,2255.0,783599,565321,2254.0
2024-11-25,2254.0,2294.0,2244.0,2284.0,431541,516105,2276.0
2024-11-26,2284.0,2288.0,2243.0,2257.0,402712,458134,2266.0
2024-11-27,2260.0,2278.0,2252.0,2262.0,261662,410555,2266.0
2024-11-28,2367.0,2372.0,2347.0,2364.0,289093,435387,2360.0
2024-11-29,2364.0,2376.0,2353.0,2373.0,370820,484751,2365.0
2024-12-02,2370.0,2382.0,2351.0,2351.0,401571,510464,2366.0
2024-12-03,2353.0,2360.0,2301.0,2332.0,569997,567177,2330.0
2024-12-04,2332.0,2345.0,2265.0,2274.0,580782,626014,2303.0
2024-12-05,2270.0,2274.0,2230.0,2239.0,674918,675056,2247.0
2024-12-06,2239.0,2245.0,2218.0,2226.0,550650,695415,2231.0
2024-12-09,2226.0,2265.0,2216.0,2263.0,582725,687034,2235.0
2024-12-10,2267.0,2291.0,2253.0,2276.0,690654,703497,2273.0
2024-12-11,2278.0,2296.0,2264.0,2274.0,579923,728864,2279.0
2024-12-12,2274.0,2287.0,2256.0,2272.0,544969,726619,2275.0
2024-12-13,2267.0,2278.0,2238.0,2257.0,708797,748984,2260.0
2024-12-16,2255.0,2316.0,2236.0,2297.0,1011086,754137,2280.0
2024-12-17,2295.0,2316.0,2261.0,2274.0,753516,778541,2286.0
2024-12-18,2269.0,2278.0,2219.0,2236.0,866532,808067,2253.0
2024-12-19,2230.0,2274.0,2224.0,2269.0,1028584,795395,2251.0
2024-12-20,2265.0,2365.0,2263.0,2349.0,1625423,842815,2322.0
2024-12-23,2352.0,2363.0,2316.0,2327.0,1166066,798419,2337.0
2024-12-24,2326.0,2334.0,2313.0,2329.0,688423,804562,2324.0
2024-12-25,2329.0,2381.0,2324.0,2365.0,1082080,805225,2350.0
2024-12-26,2362.0,2375.0,2340.0,2373.0,784526,797075,2359.0
2024-12-27,2368.0,2396.0,2365.0,2372.0,822266,756168,2379.0
2024-12-30,2375.0,2394.0,2366.0,2383.0,813420,733533,2383.0
2024-12-31,2386.0,2412.0,2377.0,2410.0,814903,722054,2398.0
2025-01-02,2420.0,2444.0,2403.0,2409.0,759764,707506,2423.0
2025-01-03,2408.0,2419.0,2348.0,2357.0,1137968,683281,2384.0
2025-01-06,2350.0,2385.0,2333.0,2356.0,1003866,687180,2358.0
2025-01-07,2359.0,2367.0,2274.0,2284.0,1174961,740432,2310.0
2025-01-08,2282.0,2301.0,2261.0,2263.0,752532,754536,2279.0
2025-01-09,2257.0,2269.0,2242.0,2261.0,782847,802284,2258.0
2025-01-10,2265.0,2281.0,2254.0,2271.0,851448,780218,2266.0
2025-01-13,2274.0,2363.0,2264.0,2359.0,978868,728594,2320.0
2025-01-14,2366.0,2412.0,2360.0,2383.0,967541,696818,2382.0
2025-01-15,2379.0,2438.0,2376.0,2433.0,936704,695608,2407.0
2025-01-16,2433.0,2453.0,2393.0,2413.0,1053893,676320,2420.0
2025-01-17,2412.0,2438.0,2384.0,2433.0,946848,652521,2411.0
2025-01-20,2425.0,2469.0,2411.0,2467.0,1108559,691030,2436.0
2025-01-21,2469.0,2484.0,2432.0,2479.0,934321,677206,2462.0
2025-01-22,2482.0,2495.0,2458.0,2473.0,794861,652935,2475.0
2025-01-23,2476.0,2507.0,2461.0,2465.0,878790,614094,2482.0
2025-01-24,2475.0,2519.0,2445.0,2497.0,966831,571168,2484.0
2025-01-27,2488.0,2495.0,2417.0,2465.0,799557,502766,2458.0
2025-02-05,2501.0,2577.0,2501.0,2565.0,635534,544968,2546.0
2025-02-06,2564.0,2567.0,2485.0,2500.0,1002640,567394,2518.0
2025-02-07,2506.0,2517.0,2450.0,2501.0,1141638,589372,2483.0
2025-02-10,2491.0,2571.0,2474.0,2525.0,1501577,634914,2530.0
2025-02-11,2531.0,2559.0,2520.0,2529.0,1154490,657263,2537.0
2025-02-12,2539.0,2539.0,2475.0,2520.0,1379219,646339,2507.0
2025-02-13,2508.0,2515.0,2456.0,2494.0,1025714,652055,2487.0
2025-02-14,2491.0,2546.0,2478.0,2533.0,1295376,686922,2515.0
2025-02-17,2534.0,2551.0,2489.0,2495.0,1206271,698638,2515.0
2025-02-18,2502.0,2558.0,2496.0,2528.0,1369287,705667,2531.0
2025-02-19,2536.0,2592.0,2536.0,2592.0,1419796,780348,2572.0
2025-02-20,2594.0,2616.0,2564.0,2615.0,1077787,792297,2591.0
2025-02-21,2602.0,2655.0,2602.0,2621.0,1319547,789702,2629.0
2025-02-24,2625.0,2665.0,2586.0,2587.0,1668170,766867,2629.0
2025-02-25,2586.0,2596.0,2560.0,2574.0,1090942,772447,2580.0
2025-02-26,2566.0,2575.0,2539.0,2555.0,1198070,767167,2558.0
2025-02-27,2550.0,2606.0,2535.0,2596.0,1380305,784831,2568.0
2025-02-28,2602.0,2610.0,2544.0,2566.0,1347115,768351,2568.0
2025-03-03,2561.0,2638.0,2550.0,2636.0,1615400,773797,2598.0
2025-03-04,2636.0,2648.0,2571.0,2576.0,1862958,751298,2610.0
2025-03-05,2566.0,2576.0,2472.0,2477.0,1919236,767574,2519.0
2025-03-06,2485.0,2494.0,2452.0,2464.0,1355141,778595,2472.0
2025-03-07,2463.0,2478.0,2445.0,2456.0,1272805,786213,2463.0
2025-03-10,2463.0,2611.0,2453.0,2611.0,555887,686498,2503.0
2025-03-11,2729.0,2729.0,2648.0,2684.0,2921346,734491,2685.0
2025-03-12,2697.0,2736.0,2642.0,2730.0,2869845,780121,2682.0
2025-03-13,2732.0,2745.0,2640.0,2695.0,2527877,728653,2700.0
2025-03-14,2694.0,2694.0,2656.0,2679.0,1345932,743633,2675.0
2025-03-17,2680.0,2696.0,2653.0,2658.0,1022082,745005,2672.0
2025-03-18,2660.0,2691.0,2637.0,2674.0,851396,733831,2666.0
2025-03-19,2669.0,2697.0,2661.0,2677.0,854398,712539,2681.0
2025-03-20,2684.0,2690.0,2592.0,2597.0,1580315,713429,2643.0
2025-03-21,2594.0,2618.0,2573.0,2598.0,868671,667699,2596.0
2025-03-24,2595.0,2602.0,2544.0,2577.0,851932,620730,2569.0
2025-03-25,2579.0,2619.0,2569.0,2615.0,684778,612715,2597.0
2025-03-26,2616.0,2619.0,2571.0,2576.0,633276,604366,2597.0
2025-03-27,2583.0,2604.0,2573.0,2602.0,542344,586513,2588.0
2025-03-28,2605.0,2623.0,2566.0,2569.0,584961,576338,2599.0
2025-03-31,2576.0,2623.0,2560.0,2601.0,692979,565083,2594.0
2025-04-01,2739.0,2740.0,2657.0,2665.0,413078,620367,2690.0
2025-04-02,2667.0,2715.0,2649.0,2694.0,341551,634442,2686.0
2025-04-03,2690.0,2752.0,2675.0,2749.0,366630,640874,2706.0
2025-04-07,2781.0,2796.0,2717.0,2723.0,478757,607677,2756.0
2025-04-08,2730.0,2810.0,2705.0,2800.0,687601,540290,2739.0
2025-04-09,2796.0,2805.0,2714.0,2736.0,657731,532522,2750.0
2025-04-10,2751.0,2759.0,2667.0,2673.0,588170,567860,2699.0
2025-04-11,2670.0,2697.0,2658.0,2690.0,404146,581123,2678.0
2025-04-14,2690.0,2724.0,2676.0,2721.0,477555,571496,2701.0
2025-04-15,2729.0,2742.0,2666.0,2673.0,585990,584507,2705.0
2025-04-16,2669.0,2693.0,2589.0,2594.0,697224,627407,2640.0
2025-04-17,2600.0,2603.0,2566.0,2586.0,500450,635907,2589.0
2025-04-18,2586.0,2612.0,2569.0,2597.0,507248,628479,2594.0
2025-04-21,2592.0,2655.0,2587.0,2631.0,549380,613642,2622.0
2025-04-22,2638.0,2669.0,2613.0,2658.0,468872,599721,2642.0
2025-04-23,2654.0,2688.0,2652.0,2679.0,465304,601645,2669.0
2025-04-24,2675.0,2739.0,2672.0,2725.0,639703,605478,2713.0
2025-04-25,2721.0,2728.0,2673.0,2684.0,476352,566151,2703.0
2025-04-28,2690.0,2691.0,2621.0,2641.0,555773,557196,2645.0
2025-04-29,2633.0,2639.0,2568.0,2588.0,484955,555204,2607.0
2025-04-30,2578.0,2593.0,2532.0,2536.0,468554,560550,2563.0
2025-05-06,2537.0,2572.0,2525.0,2548.0,299136,565683,2555.0
2025-05-07,2554.0,2575.0,2518.0,2565.0,450770,575512,2552.0
2025-05-08,2560.0,2583.0,2551.0,2563.0,406780,561732,2567.0
2025-05-09,2568.0,2573.0,2540.0,2551.0,314979,572386,2557.0
2025-05-12,2557.0,2573.0,2506.0,2544.0,621178,576482,2535.0
2025-05-13,2535.0,2549.0,2471.0,2487.0,639508,637424,2505.0
2025-05-14,2483.0,2512.0,2468.0,2509.0,400624,630254,2492.0
2025-05-15,2504.0,2544.0,2490.0,2537.0,382218,612824,2515.0
2025-05-16,2530.0,2548.0,2502.0,2513.0,464230,611212,2525.0
2025-05-19,2505.0,2523.0,2486.0,2509.0,289928,614111,2511.0
2025-05-20,2511.0,2518.0,2476.0,2510.0,323507,623440,2497.0
2025-05-21,2516.0,2564.0,2496.0,2552.0,442343,615440,2527.0
2025-05-22,2547.0,2567.0,2535.0,2562.0,315484,608010,2550.0
2025-05-23,2563.0,2588.0,2545.0,2556.0,351922,601832,2565.0
2025-05-26,2549.0,2581.0,2535.0,2566.0,332092,606583,2560.0
2025-05-27,2561.0,2605.0,2557.0,2599.0,354434,615879,2584.0
2025-05-28,2603.0,2639.0,2586.0,2604.0,488864,602245,2612.0
2025-05-29,2598.0,2620.0,2584.0,2618.0,377556,578743,2605.0
2025-05-30,2610.0,2649.0,2604.0,2637.0,409980,570876,2631.0
2025-06-03,2615.0,2630.0,2553.0,2557.0,482401,552037,2592.0
2025-06-04,2563.0,2564.0,2524.0,2543.0,464176,541628,2545.0
2025-06-05,2548.0,2575.0,2534.0,2567.0,373962,545017,2554.0
2025-06-06,2574.0,2622.0,2568.0,2608.0,556199,541873,2596.0
2025-06-09,2598.0,2622.0,2582.0,2614.0,349171,542050,2601.0
2025-06-10,2614.0,2636.0,2597.0,2629.0,314462,552069,2616.0
2025-06-11,2625.0,2665.0,2620.0,2638.0,306564,547917,2638.0
2025-06-12,2643.0,2677.0,2637.0,2674.0,372178,573176,2655.0
2025-06-13,2677.0,2686.0,2659.0,2674.0,339348,565236,2673.0
2025-06-16,2677.0,2677.0,2644.0,2671.0,327941,534182,2661.0
2025-06-17,2666.0,2696.0,2643.0,2682.0,365556,526769,2670.0
2025-06-18,2680.0,2704.0,2675.0,2688.0,268716,517117,2690.0
2025-06-19,2683.0,2697.0,2666.0,2694.0,234593,520552,2681.0
2025-06-20,2690.0,2696.0,2667.0,2679.0,264257,523058,2684.0
2025-06-23,2686.0,2692.0,2641.0,2657.0,264589,519120,2662.0
2025-06-24,2650.0,2669.0,2639.0,2662.0,235253,516620,2653.0
2025-06-25,2658.0,2674.0,2578.0,2588.0,523033,550961,2620.0
2025-06-26,2586.0,2588.0,2514.0,2550.0,685426,600032,2548.0
2025-06-27,2553.0,2562.0,2520.0,2559.0,439012,593101,2543.0
2025-06-30,2558.0,2583.0,2551.0,2572.0,373772,577028,2569.0
2025-07-01,2575.0,2597.0,2561.0,2586.0,369505,576397,2583.0
2025-07-02,2581.0,2588.0,2559.0,2578.0,302980,579524,2577.0
2025-07-03,2583.0,2626.0,2578.0,2601.0,380413,571649,2601.0
2025-07-04,2607.0,2622.0,2587.0,2597.0,297362,564558,2607.0
2025-07-07,2597.0,2621.0,2576.0,2579.0,333272,565758,2600.0
2025-07-08,2585.0,2592.0,2571.0,2576.0,246001,568141,2581.0
2025-07-09,2568.0,2595.0,2548.0,2586.0,280603,567429,2573.0
2025-07-10,2582.0,2622.0,2571.0,2611.0,356874,567403,2595.0
2025-07-11,2610.0,2646.0,2610.0,2633.0,383556,555041,2630.0
2025-07-14,2627.0,2673.0,2602.0,2659.0,483941,560897,2637.0
2025-07-15,2659.0,2677.0,2639.0,2655.0,374562,535658,2657.0
2025-07-16,2662.0,2664.0,2643.0,2653.0,300375,532049,2655.0
2025-07-17,2651.0,2723.0,2647.0,2719.0,521660,544567,2694.0
2025-07-18,2719.0,2743.0,2707.0,2722.0,373712,538450,2721.0
2025-07-21,2726.0,2745.0,2713.0,2727.0,306326,548927,2727.0
2025-07-22,2725.0,2760.0,2702.0,2736.0,391923,551501,2726.0
2025-07-23,2732.0,2791.0,2725.0,2758.0,358824,538617,2754.0
2025-07-24,2757.0,2777.0,2661.0,2682.0,559845,512685,2706.0
2025-07-25,2690.0,2702.0,2663.0,2675.0,300978,483508,2682.0
2025-07-28,2672.0,2682.0,2644.0,2660.0,288201,468326,2664.0
2025-07-29,2662.0,2668.0,2621.0,2660.0,324482,453220,2640.0
2025-07-30,2661.0,2735.0,2658.0,2735.0,452891,446780,2703.0
2025-07-31,2730.0,2756.0,2683.0,2699.0,481034,442984,2721.0
2025-08-01,2692.0,2702.0,2665.0,2675.0,296815,419679,2679.0
2025-08-04,2668.0,2706.0,2666.0,2678.0,263514,400411,2686.0
2025-08-05,2677.0,2752.0,2677.0,2724.0,413488,413741,2720.0
2025-08-06,2728.0,2793.0,2727.0,2745.0,546332,397721,2761.0
2025-08-07,2749.0,2750.0,2693.0,2739.0,373422,365846,2723.0
2025-08-08,2468.0,2508.0,2467.0,2506.0,238450,435837,2486.0
2025-08-11,2499.0,2499.0,2422.0,2455.0,344291,452004,2464.0
2025-08-12,2442.0,2566.0,2438.0,2562.0,614038,433814,2488.0
2025-08-13,2688.0,2688.0,2670.0,2688.0,327725,431061,2687.0
2025-08-14,2702.0,2708.0,2592.0,2606.0,932430,404448,2638.0
2025-08-15,2599.0,2599.0,2523.0,2546.0,601227,448607,2563.0
2025-08-18,2557.0,2607.0,2548.0,2590.0,470562,434330,2578.0
2025-08-19,2591.0,2626.0,2584.0,2604.0,408166,437985,2611.0
2025-08-20,2602.0,2632.0,2568.0,2627.0,384930,436474,2593.0
2025-08-21,2620.0,2632.0,2546.0,2561.0,445845,417790,2584.0
2025-08-22,2563.0,2566.0,2526.0,2543.0,288806,421028,2548.0
2025-08-25,2544.0,2577.0,2538.0,2547.0,310617,422516,2559.0
2025-08-26,2552.0,2567.0,2520.0,2526.0,310537,432019,2544.0
2025-08-27,2520.0,2520.0,2481.0,2501.0,428608,419022,2501.0
2025-08-28,2498.0,2516.0,2438.0,2483.0,503056,410500,2478.0
2025-08-29,2481.0,2521.0,2463.0,2513.0,321780,414170,2496.0
2025-09-01,2509.0,2530.0,2488.0,2513.0,331859,404322,2511.0
2025-09-02,2519.0,2538.0,2495.0,2500.0,326531,398350,2516.0
2025-09-03,2494.0,2534.0,2489.0,2521.0,316850,396028,2514.0
2025-09-04,2516.0,2539.0,2508.0,2519.0,305618,395062,2524.0
2025-09-05,2514.0,2556.0,2512.0,2550.0,368621,396574,2536.0
2025-09-08,2545.0,2564.0,2524.0,2542.0,371381,393462,2543.0
2025-09-09,2537.0,2557.0,2522.0,2550.0,249787,394346,2539.0
2025-09-10,2555.0,2560.0,2527.0,2533.0,303031,386706,2542.0
2025-09-11,2538.0,2568.0,2535.0,2567.0,341171,407316,2554.0
2025-09-12,2560.0,2572.0,2524.0,2531.0,309614,402900,2555.0
2025-09-15,2533.0,2534.0,2486.0,2504.0,402346,393656,2509.0
2025-09-16,2504.0,2533.0,2495.0,2518.0,283948,376582,2517.0
2025-09-17,2523.0,2528.0,2457.0,2460.0,394731,399317,2485.0
2025-09-18,2462.0,2487.0,2450.0,2470.0,304376,385353,2469.0
2025-09-19,2475.0,2530.0,2459.0,2522.0,376413,381171,2498.0
2025-09-22,2519.0,2552.0,2511.0,2528.0,339716,391260,2533.0
2025-09-23,2519.0,2519.0,2424.0,2447.0,488999,400933,2468.0
2025-09-24,2445.0,2451.0,2377.0,2395.0,516024,398111,2406.0
2025-09-25,2408.0,2450.0,2404.0,2444.0,370416,378057,2424.0
2025-09-26,2440.0,2452.0,2399.0,2405.0,302757,371100,2429.0
2025-09-29,2411.0,2430.0,2397.0,2416.0,216668,359652,2413.0
2025-09-30,2422.0,2440.0,2414.0,2421.0,217653,352864,2427.0
2025-10-09,2441.0,2455.0,2411.0,2435.0,206329,356202,2429.0
2025-10-10,2431.0,2437.0,2374.0,2391.0,296776,371708,2406.0
2025-10-13,2390.0,2425.0,2376.0,2392.0,287966,363923,2398.0
2025-10-14,2390.0,2407.0,2338.0,2348.0,274532,370714,2369.0
2025-10-15,2345.0,2380.0,2338.0,2357.0,184143,361931,2359.0
2025-10-16,2361.0,2377.0,2353.0,2364.0,138837,354755,2365.0
2025-10-17,2366.0,2376.0,2301.0,2306.0,259810,367868,2338.0
2025-10-20,2304.0,2367.0,2303.0,2350.0,251107,363626,2347.0
2025-10-21,2353.0,2363.0,2320.0,2321.0,190258,377520,2340.0
2025-10-22,2320.0,2327.0,2297.0,2307.0,286297,377467,2311.0
2025-10-23,2311.0,2344.0,2293.0,2339.0,239891,364445,2322.0
2025-10-24,2342.0,2352.0,2323.0,2325.0,244910,371495,2339.0
2025-10-27,2328.0,2365.0,2321.0,2335.0,256734,368836,2340.0
2025-10-28,2336.0,2399.0,2330.0,2396.0,321692,366983,2364.0
2025-10-29,2392.0,2410.0,2354.0,2373.0,330938,351848,2379.0
2025-10-30,2377.0,2407.0,2372.0,2401.0,242253,350537,2392.0
2025-10-31,2410.0,2415.0,2365.0,2388.0,349973,343443,2390.0
2025-11-03,2384.0,2497.0,2378.0,2491.0,559625,368657,2459.0
2025-11-04,2483.0,2513.0,2482.0,2497.0,421278,375310,2497.0
2025-11-05,2497.0,2548.0,2473.0,2537.0,496697,408101,2512.0
2025-11-06,2535.0,2554.0,2532.0,2549.0,362939,442304,2543.0
2025-11-07,2548.0,2551.0,2527.0,2539.0,334297,463486,2539.0
2025-11-10,2547.0,2547.0,2496.0,2527.0,399239,451261,2520.0
2025-11-11,2527.0,2530.0,2484.0,2500.0,356482,465838,2507.0
2025-11-12,2495.0,2510.0,2468.0,2494.0,310875,468864,2489.0
2025-11-13,2486.0,2508.0,2472.0,2492.0,299956,479461,2489.0
2025-11-14,2492.0,2507.0,2465.0,2490.0,355883,472680,2489.0
2025-11-17,2492.0,2514.0,2415.0,2449.0,455503,424781,2451.0
2025-11-18,2452.0,2485.0,2425.0,2431.0,286235,411174,2450.0
2025-11-19,2435.0,2446.0,2401.0,2419.0,288071,387335,2421.0
2025-11-20,2417.0,2425.0,2387.0,2412.0,217806,377665,2407.0
2025-11-21,2413.0,2443.0,2402.0,2431.0,341791,356199,2427.0
2025-11-24,2431.0,2455.0,2413.0,2446.0,254616,360472,2437.0
2025-11-25,2440.0,2468.0,2420.0,2431.0,261245,355847,2444.0
2025-11-26,2420.0,2449.0,2420.0,2439.0,189593,345210,2437.0
2025-11-27,2438.0,2481.0,2422.0,2469.0,257533,338327,2456.0
2025-11-28,2412.0,2426.0,2412.0,2415.0,96169,361719,2418.0
2025-12-01,2416.0,2426.0,2393.0,2403.0,160709,387607,2408.0
2025-12-02,2399.0,2413.0,2394.0,2413.0,133255,409254,2403.0
2025-12-03,2412.0,2419.0,2396.0,2409.0,135991,432354,2407.0
2025-12-04,2407.0,2414.0,2380.0,2395.0,225766,461656,2396.0
2025-12-05,2401.0,2416.0,2374.0,2377.0,295977,494958,2390.0
2025-12-08,2374.0,2384.0,2322.0,2342.0,366808,536927,2351.0
2025-12-09,2347.0,2351.0,2316.0,2317.0,264911,552863,2331.0
2025-12-10,2316.0,2331.0,2299.0,2329.0,309360,579246,2315.0
2025-12-11,2330.0,2342.0,2321.0,2323.0,290115,590971,2332.0
2025-12-12,2330.0,2359.0,2326.0,2347.0,293158,581668,2344.0
2025-12-15,2336.0,2354.0,2333.0,2341.0,237997,583558,2343.0
2025-12-16,2347.0,2369.0,2335.0,2359.0,314197,577756,2348.0
2025-12-17,2355.0,2368.0,2326.0,2331.0,269146,592352,2349.0
2025-12-18,2332.0,2346.0,2313.0,2340.0,294457,591613,2330.0
2025-12-19,2340.0,2343.0,2314.0,2323.0,232500,598488,2324.0
2025-12-22,2320.0,2352.0,2311.0,2337.0,343580,604362,2332.0
2025-12-23,2343.0,2353.0,2335.0,2349.0,230737,620191,2343.0
2025-12-24,2350.0,2362.0,2341.0,2344.0,228602,630650,2351.0
2025-12-25,2343.0,2358.0,2309.0,2352.0,434921,638009,2333.0
2025-12-26,2356.0,2404.0,2356.0,2391.0,432299,650686,2386.0
2025-12-29,2392.0,2410.0,2380.0,2387.0,298025,651735,2398.0
2025-12-30,2380.0,2404.0,2378.0,2403.0,254733,655159,2388.0
2025-12-31,2400.0,2406.0,2361.0,2365.0,317781,631470,2380.0
2026-01-05,2354.0,2382.0,2350.0,2361.0,271120,644700,2365.0
2026-01-06,2368.0,2394.0,2366.0,2390.0,297437,662451,2378.0
2026-01-07,2371.0,2424.0,2371.0,2419.0,536371,720911,2399.0
2026-01-08,2423.0,2430.0,2347.0,2358.0,701628,785807,2379.0
2026-01-09,2354.0,2359.0,2330.0,2338.0,462002,809345,2343.0
2026-01-12,2330.0,2341.0,2317.0,2330.0,450615,827782,2328.0
2026-01-13,2330.0,2337.0,2305.0,2314.0,480155,834183,2323.0
2026-01-14,2307.0,2318.0,2285.0,2289.0,472524,870951,2300.0
2026-01-15,2288.0,2294.0,2278.0,2283.0,363726,869905,2287.0
2026-01-16,2290.0,2302.0,2252.0,2255.0,737095,917639,2275.0
2026-01-19,2210.0,2242.0,2195.0,2221.0,902693,1013517,2225.0
2026-01-20,2219.0,2237.0,2202.0,2229.0,563126,1001168,2220.0
2026-01-21,2229.0,2234.0,2213.0,2228.0,426448,1027084,2223.0
2026-01-22,2237.0,2253.0,2229.0,2250.0,484503,1006148,2241.0
2026-01-23,2253.0,2261.0,2230.0,2235.0,400506,1014253,2245.0
2026-01-26,2237.0,2279.0,2235.0,2269.0,513795,968068,2261.0
2026-01-27,2266.0,2277.0,2257.0,2271.0,344500,970411,2268.0
2026-01-28,2275.0,2301.0,2265.0,2297.0,490702,940606,2283.0
2026-01-29,2302.0,2331.0,2299.0,2325.0,430832,911550,2314.0
2026-01-30,2323.0,2329.0,2276.0,2287.0,661019,914363,2295.0
2026-02-02,2286.0,2294.0,2259.0,2276.0,495138,912962,2279.0
2026-02-03,2279.0,2291.0,2246.0,2249.0,442481,922401,2267.0
2026-02-04,2253.0,2262.0,2241.0,2247.0,328156,926083,2251.0
2026-02-05,2225.0,2261.0,2225.0,2238.0,584370,945034,2239.0
2026-02-06,2238.0,2258.0,2232.0,2239.0,336314,932849,2245.0
2026-02-09,2245.0,2257.0,2235.0,2238.0,356161,934874,2244.0
2026-02-10,2243.0,2247.0,2230.0,2244.0,250134,934733,2238.0
2026-02-11,2248.0,2290.0,2246.0,2288.0,461610,914902,2271.0
2026-02-12,2292.0,2320.0,2282.0,2303.0,387940,876987,2301.0
2026-02-13,2313.0,2317.0,2293.0,2309.0,341197,832836,2308.0
2026-02-24,2320.0,2323.0,2282.0,2290.0,348590,855671,2299.0
2026-02-25,2290.0,2340.0,2278.0,2312.0,499622,868002,2312.0
2026-02-26,2314.0,2324.0,2290.0,2296.0,412843,904520,2307.0
2026-02-27,2291.0,2296.0,2268.0,2287.0,329069,908742,2285.0
2026-03-02,2270.0,2299.0,2266.0,2295.0,487190,909258,2280.0
2026-03-03,2294.0,2326.0,2283.0,2310.0,521031,888198,2307.0
2026-03-04,2324.0,2335.0,2293.0,2303.0,455854,880720,2315.0
2026-03-05,2303.0,2323.0,2296.0,2318.0,315684,878387,2309.0
2026-03-06,2317.0,2391.0,2315.0,2374.0,706317,854490,2361.0
2026-03-09,2391.0,2503.0,2378.0,2433.0,1049488,746843,2452.0
2026-03-10,2430.0,2438.0,2372.0,2402.0,682599,717350,2402.0
2026-03-11,2404.0,2483.0,2404.0,2480.0,1001478,652140,2448.0
2026-03-12,2500.0,2516.0,2464.0,2492.0,811092,606359,2490.0
2026-03-13,2501.0,2634.0,2479.0,2591.0,1669132,600522,2571.0
2026-03-16,2580.0,2585.0,2450.0,2482.0,1181783,619502,2516.0
2026-03-17,2462.0,2495.0,2431.0,2485.0,769979,621061,2470.0
2026-03-18,2495.0,2495.0,2436.0,2443.0,642501,600206,2464.0
2026-03-19,2451.0,2488.0,2437.0,2443.0,640449,586673,2460.0
2026-03-20,2445.0,2460.0,2420.0,2423.0,575033,578376,2438.0
2026-03-23,2414.0,2438.0,2397.0,2399.0,606303,570722,2417.0
2026-03-24,2387.0,2396.0,2363.0,2365.0,519321,569315,2379.0
2026-03-25,2361.0,2368.0,2333.0,2339.0,490605,555556,2351.0
2026-03-26,2342.0,2374.0,2337.0,2344.0,449238,543966,2353.0
2026-03-27,2341.0,2346.0,2306.0,2315.0,520647,527901,2322.0
2026-03-30,2315.0,2333.0,2298.0,2320.0,545451,533529,2317.0
2026-03-31,2318.0,2329.0,2284.0,2299.0,484885,541727,2304.0
2026-04-01,2303.0,2305.0,2255.0,2265.0,461866,542762,2282.0
2026-04-02,2264.0,2274.0,2249.0,2256.0,410945,541500,2260.0
2026-04-03,2256.0,2260.0,2212.0,2215.0,407815,528876,2239.0
