date,export_value,import_value,trade_balance
2020-01-02,7.6,16.3,467.9
2020-01-03,7.6,16.3,467.9
2020-01-06,7.6,16.3,467.9
2020-01-07,7.6,16.3,467.9
2020-01-08,7.6,16.3,467.9
2020-01-09,7.6,16.3,467.9
2020-01-10,7.6,16.3,467.9
2020-01-13,7.6,16.3,467.9
2020-01-14,7.6,16.3,467.9
2020-01-15,7.6,16.3,467.9
2020-01-16,7.6,16.3,467.9
2020-01-17,7.6,16.3,467.9
2020-01-20,7.6,16.3,467.9
2020-01-21,7.6,16.3,467.9
2020-01-22,7.6,16.3,467.9
2020-01-23,7.6,16.3,467.9
2020-02-03,-4.799999999999999,-1.5,391.6
2020-02-04,-4.799999999999999,-1.5,391.6
2020-02-05,-4.799999999999999,-1.5,391.6
2020-02-06,-4.799999999999999,-1.5,391.6
2020-02-07,-4.799999999999999,-1.5,391.6
2020-02-10,-4.799999999999999,-1.5,391.6
2020-02-11,-4.799999999999999,-1.5,391.6
2020-02-12,-4.799999999999999,-1.5,391.6
2020-02-13,-4.799999999999999,-1.5,391.6
2020-02-14,-4.799999999999999,-1.5,391.6
2020-02-17,-4.799999999999999,-1.5,391.6
2020-02-18,-4.799999999999999,-1.5,391.6
2020-02-19,-4.799999999999999,-1.5,391.6
2020-02-20,-4.799999999999999,-1.5,391.6
2020-02-21,-4.799999999999999,-1.5,391.6
2020-02-24,-4.799999999999999,-1.5,391.6
2020-02-25,-4.799999999999999,-1.5,391.6
2020-02-26,-4.799999999999999,-1.5,391.6
2020-02-27,-4.799999999999999,-1.5,391.6
2020-02-28,-4.799999999999999,-1.5,391.6
2020-03-02,-17.2,-4.0,-70.9
2020-03-03,-17.2,-4.0,-70.9
2020-03-04,-17.2,-4.0,-70.9
2020-03-05,-17.2,-4.0,-70.9
2020-03-06,-17.2,-4.0,-70.9
2020-03-09,-17.2,-4.0,-70.9
2020-03-10,-17.2,-4.0,-70.9
2020-03-11,-17.2,-4.0,-70.9
2020-03-12,-17.2,-4.0,-70.9
2020-03-13,-17.2,-4.0,-70.9
2020-03-16,-17.2,-4.0,-70.9
2020-03-17,-17.2,-4.0,-70.9
2020-03-18,-17.2,-4.0,-70.9
2020-03-19,-17.2,-4.0,-70.9
2020-03-20,-17.2,-4.0,-70.9
2020-03-23,-17.2,-4.0,-70.9
2020-03-24,-17.2,-4.0,-70.9
2020-03-25,-17.2,-4.0,-70.9
2020-03-26,-17.2,-4.0,-70.9
2020-03-27,-17.2,-4.0,-70.9
2020-03-30,-17.2,-4.0,-70.9
2020-03-31,-17.2,-4.0,-70.9
2020-04-01,-6.6,-1.0,199.3
2020-04-02,-6.6,-1.0,199.3
2020-04-03,-6.6,-1.0,199.3
2020-04-07,-6.6,-1.0,199.3
2020-04-08,-6.6,-1.0,199.3
2020-04-09,-6.6,-1.0,199.3
2020-04-10,-6.6,-1.0,199.3
2020-04-13,-6.6,-1.0,199.3
2020-04-14,-6.6,-1.0,199.3
2020-04-15,-6.6,-1.0,199.3
2020-04-16,-6.6,-1.0,199.3
2020-04-17,-6.6,-1.0,199.3
2020-04-20,-6.6,-1.0,199.3
2020-04-21,-6.6,-1.0,199.3
2020-04-22,-6.6,-1.0,199.3
2020-04-23,-6.6,-1.0,199.3
2020-04-24,-6.6,-1.0,199.3
2020-04-27,-6.6,-1.0,199.3
2020-04-28,-6.6,-1.0,199.3
2020-04-29,-6.6,-1.0,199.3
2020-04-30,-6.6,-1.0,199.3
2020-05-06,3.5,-14.2,453.4
2020-05-07,3.5,-14.2,453.4
2020-05-08,3.5,-14.2,453.4
2020-05-11,3.5,-14.2,453.4
2020-05-12,3.5,-14.2,453.4
2020-05-13,3.5,-14.2,453.4
2020-05-14,3.5,-14.2,453.4
2020-05-15,3.5,-14.2,453.4
2020-05-18,3.5,-14.2,453.4
2020-05-19,3.5,-14.2,453.4
2020-05-20,3.5,-14.2,453.4
2020-05-21,3.5,-14.2,453.4
2020-05-22,3.5,-14.2,453.4
2020-05-25,3.5,-14.2,453.4
2020-05-26,3.5,-14.2,453.4
2020-05-27,3.5,-14.2,453.4
2020-05-28,3.5,-14.2,453.4
2020-05-29,3.5,-14.2,453.4
2020-06-01,-3.3,-16.7,629.3
2020-06-02,-3.3,-16.7,629.3
2020-06-03,-3.3,-16.7,629.3
2020-06-04,-3.3,-16.7,629.3
2020-06-05,-3.3,-16.7,629.3
2020-06-08,-3.3,-16.7,629.3
2020-06-09,-3.3,-16.7,629.3
2020-06-10,-3.3,-16.7,629.3
2020-06-11,-3.3,-16.7,629.3
2020-06-12,-3.3,-16.7,629.3
2020-06-15,-3.3,-16.7,629.3
2020-06-16,-3.3,-16.7,629.3
2020-06-17,-3.3,-16.7,629.3
2020-06-18,-3.3,-16.7,629.3
2020-06-19,-3.3,-16.7,629.3
2020-06-22,-3.3,-16.7,629.3
2020-06-23,-3.3,-16.7,629.3
2020-06-24,-3.3,-16.7,629.3
2020-06-29,-3.3,-16.7,629.3
2020-06-30,-3.3,-16.7,629.3
2020-07-01,0.5,2.7,464.2
2020-07-02,0.5,2.7,464.2
2020-07-03,0.5,2.7,464.2
2020-07-06,0.5,2.7,464.2
2020-07-07,0.5,2.7,464.2
2020-07-08,0.5,2.7,464.2
2020-07-09,0.5,2.7,464.2
2020-07-10,0.5,2.7,464.2
2020-07-13,0.5,2.7,464.2
2020-07-14,0.5,2.7,464.2
2020-07-15,0.5,2.7,464.2
2020-07-16,0.5,2.7,464.2
2020-07-17,0.5,2.7,464.2
2020-07-20,0.5,2.7,464.2
2020-07-21,0.5,2.7,464.2
2020-07-22,0.5,2.7,464.2
2020-07-23,0.5,2.7,464.2
2020-07-24,0.5,2.7,464.2
2020-07-27,0.5,2.7,464.2
2020-07-28,0.5,2.7,464.2
2020-07-29,0.5,2.7,464.2
2020-07-30,0.5,2.7,464.2
2020-07-31,0.5,2.7,464.2
2020-08-03,7.2,-1.4,623.3
2020-08-04,7.2,-1.4,623.3
2020-08-05,7.2,-1.4,623.3
2020-08-06,7.2,-1.4,623.3
2020-08-07,7.2,-1.4,623.3
2020-08-10,7.2,-1.4,623.3
2020-08-11,7.2,-1.4,623.3
2020-08-12,7.2,-1.4,623.3
2020-08-13,7.2,-1.4,623.3
2020-08-14,7.2,-1.4,623.3
2020-08-17,7.2,-1.4,623.3
2020-08-18,7.2,-1.4,623.3
2020-08-19,7.2,-1.4,623.3
2020-08-20,7.2,-1.4,623.3
2020-08-21,7.2,-1.4,623.3
2020-08-24,7.2,-1.4,623.3
2020-08-25,7.2,-1.4,623.3
2020-08-26,7.2,-1.4,623.3
2020-08-27,7.2,-1.4,623.3
2020-08-28,7.2,-1.4,623.3
2020-08-31,7.2,-1.4,623.3
2020-09-01,9.5,-2.1,589.3
2020-09-02,9.5,-2.1,589.3
2020-09-03,9.5,-2.1,589.3
2020-09-04,9.5,-2.1,589.3
2020-09-07,9.5,-2.1,589.3
2020-09-08,9.5,-2.1,589.3
2020-09-09,9.5,-2.1,589.3
2020-09-10,9.5,-2.1,589.3
2020-09-11,9.5,-2.1,589.3
2020-09-14,9.5,-2.1,589.3
2020-09-15,9.5,-2.1,589.3
2020-09-16,9.5,-2.1,589.3
2020-09-17,9.5,-2.1,589.3
2020-09-18,9.5,-2.1,589.3
2020-09-21,9.5,-2.1,589.3
2020-09-22,9.5,-2.1,589.3
2020-09-23,9.5,-2.1,589.3
2020-09-24,9.5,-2.1,589.3
2020-09-25,9.5,-2.1,589.3
2020-09-28,9.5,-2.1,589.3
2020-09-29,9.5,-2.1,589.3
2020-09-30,9.5,-2.1,589.3
2020-10-09,9.9,13.2,370.0
2020-10-12,9.9,13.2,370.0
2020-10-13,9.9,13.2,370.0
2020-10-14,9.9,13.2,370.0
2020-10-15,9.9,13.2,370.0
2020-10-16,9.9,13.2,370.0
2020-10-19,9.9,13.2,370.0
2020-10-20,9.9,13.2,370.0
2020-10-21,9.9,13.2,370.0
2020-10-22,9.9,13.2,370.0
2020-10-23,9.9,13.2,370.0
2020-10-26,9.9,13.2,370.0
2020-10-27,9.9,13.2,370.0
2020-10-28,9.9,13.2,370.0
2020-10-29,9.9,13.2,370.0
2020-10-30,9.9,13.2,370.0
2020-11-02,11.4,4.7,584.4
2020-11-03,11.4,4.7,584.4
2020-11-04,11.4,4.7,584.4
2020-11-05,11.4,4.7,584.4
2020-11-06,11.4,4.7,584.4
2020-11-09,11.4,4.7,584.4
2020-11-10,11.4,4.7,584.4
2020-11-11,11.4,4.7,584.4
2020-11-12,11.4,4.7,584.4
2020-11-13,11.4,4.7,584.4
2020-11-16,11.4,4.7,584.4
2020-11-17,11.4,4.7,584.4
2020-11-18,11.4,4.7,584.4
2020-11-19,11.4,4.7,584.4
2020-11-20,11.4,4.7,584.4
2020-11-23,11.4,4.7,584.4
2020-11-24,11.4,4.7,584.4
2020-11-25,11.4,4.7,584.4
2020-11-26,11.4,4.7,584.4
2020-11-27,11.4,4.7,584.4
2020-11-30,11.4,4.7,584.4
2020-12-01,21.1,4.5,754.2
2020-12-02,21.1,4.5,754.2
2020-12-03,21.1,4.5,754.2
2020-12-04,21.1,4.5,754.2
2020-12-07,21.1,4.5,754.2
2020-12-08,21.1,4.5,754.2
2020-12-09,21.1,4.5,754.2
2020-12-10,21.1,4.5,754.2
2020-12-11,21.1,4.5,754.2
2020-12-14,21.1,4.5,754.2
2020-12-15,21.1,4.5,754.2
2020-12-16,21.1,4.5,754.2
2020-12-17,21.1,4.5,754.2
2020-12-18,21.1,4.5,754.2
2020-12-21,21.1,4.5,754.2
2020-12-22,21.1,4.5,754.2
2020-12-23,21.1,4.5,754.2
2020-12-24,21.1,4.5,754.2
2020-12-25,21.1,4.5,754.2
2020-12-28,21.1,4.5,754.2
2020-12-29,21.1,4.5,754.2
2020-12-30,21.1,4.5,754.2
2020-12-31,21.1,4.5,754.2
2021-01-04,18.1,6.5,781.7
2021-01-05,18.1,6.5,781.7
2021-01-06,18.1,6.5,781.7
2021-01-07,18.1,6.5,781.7
2021-01-08,18.1,6.5,781.7
2021-01-11,18.1,6.5,781.7
2021-01-12,18.1,6.5,781.7
2021-01-13,18.1,6.5,781.7
2021-01-14,18.1,6.5,781.7
2021-01-15,18.1,6.5,781.7
2021-01-18,18.1,6.5,781.7
2021-01-19,18.1,6.5,781.7
2021-01-20,18.1,6.5,781.7
2021-01-21,18.1,6.5,781.7
2021-01-22,18.1,6.5,781.7
2021-01-25,18.1,6.5,781.7
2021-01-26,18.1,6.5,781.7
2021-01-27,18.1,6.5,781.7
2021-01-28,18.1,6.5,781.7
2021-01-29,18.1,6.5,781.7
2021-02-01,39.35,14.35,907.1
2021-02-02,39.35,14.35,907.1
2021-02-03,39.35,14.35,907.1
2021-02-04,39.35,14.35,907.1
2021-02-05,39.35,14.35,907.1
2021-02-08,39.35,14.35,907.1
2021-02-09,39.35,14.35,907.1
2021-02-10,39.35,14.35,907.1
2021-02-18,39.35,14.35,907.1
2021-02-19,39.35,14.35,907.1
2021-02-22,39.35,14.35,907.1
2021-02-23,39.35,14.35,907.1
2021-02-24,39.35,14.35,907.1
2021-02-25,39.35,14.35,907.1
2021-02-26,39.35,14.35,907.1
2021-03-01,60.6,22.2,1032.5
2021-03-02,60.6,22.2,1032.5
2021-03-03,60.6,22.2,1032.5
2021-03-04,60.6,22.2,1032.5
2021-03-05,60.6,22.2,1032.5
2021-03-08,60.6,22.2,1032.5
2021-03-09,60.6,22.2,1032.5
2021-03-10,60.6,22.2,1032.5
2021-03-11,60.6,22.2,1032.5
2021-03-12,60.6,22.2,1032.5
2021-03-15,60.6,22.2,1032.5
2021-03-16,60.6,22.2,1032.5
2021-03-17,60.6,22.2,1032.5
2021-03-18,60.6,22.2,1032.5
2021-03-19,60.6,22.2,1032.5
2021-03-22,60.6,22.2,1032.5
2021-03-23,60.6,22.2,1032.5
2021-03-24,60.6,22.2,1032.5
2021-03-25,60.6,22.2,1032.5
2021-03-26,60.6,22.2,1032.5
2021-03-29,60.6,22.2,1032.5
2021-03-30,60.6,22.2,1032.5
2021-03-31,60.6,22.2,1032.5
2021-04-01,30.6,38.1,138.0
2021-04-02,30.6,38.1,138.0
2021-04-06,30.6,38.1,138.0
2021-04-07,30.6,38.1,138.0
2021-04-08,30.6,38.1,138.0
2021-04-09,30.6,38.1,138.0
2021-04-12,30.6,38.1,138.0
2021-04-13,30.6,38.1,138.0
2021-04-14,30.6,38.1,138.0
2021-04-15,30.6,38.1,138.0
2021-04-16,30.6,38.1,138.0
2021-04-19,30.6,38.1,138.0
2021-04-20,30.6,38.1,138.0
2021-04-21,30.6,38.1,138.0
2021-04-22,30.6,38.1,138.0
2021-04-23,30.6,38.1,138.0
2021-04-26,30.6,38.1,138.0
2021-04-27,30.6,38.1,138.0
2021-04-28,30.6,38.1,138.0
2021-04-29,30.6,38.1,138.0
2021-04-30,30.6,38.1,138.0
2021-05-06,32.3,43.1,428.6
2021-05-07,32.3,43.1,428.6
2021-05-10,32.3,43.1,428.6
2021-05-11,32.3,43.1,428.6
2021-05-12,32.3,43.1,428.6
2021-05-13,32.3,43.1,428.6
2021-05-14,32.3,43.1,428.6
2021-05-17,32.3,43.1,428.6
2021-05-18,32.3,43.1,428.6
2021-05-19,32.3,43.1,428.6
2021-05-20,32.3,43.1,428.6
2021-05-21,32.3,43.1,428.6
2021-05-24,32.3,43.1,428.6
2021-05-25,32.3,43.1,428.6
2021-05-26,32.3,43.1,428.6
2021-05-27,32.3,43.1,428.6
2021-05-28,32.3,43.1,428.6
2021-05-31,32.3,43.1,428.6
2021-06-01,27.9,51.1,455.3
2021-06-02,27.9,51.1,455.3
2021-06-03,27.9,51.1,455.3
2021-06-04,27.9,51.1,455.3
2021-06-07,27.9,51.1,455.3
2021-06-08,27.9,51.1,455.3
2021-06-09,27.9,51.1,455.3
2021-06-10,27.9,51.1,455.3
2021-06-11,27.9,51.1,455.3
2021-06-15,27.9,51.1,455.3
2021-06-16,27.9,51.1,455.3
2021-06-17,27.9,51.1,455.3
2021-06-18,27.9,51.1,455.3
2021-06-21,27.9,51.1,455.3
2021-06-22,27.9,51.1,455.3
2021-06-23,27.9,51.1,455.3
2021-06-24,27.9,51.1,455.3
2021-06-25,27.9,51.1,455.3
2021-06-28,27.9,51.1,455.3
2021-06-29,27.9,51.1,455.3
2021-06-30,27.9,51.1,455.3
2021-07-01,32.2,36.7,515.3
2021-07-02,32.2,36.7,515.3
2021-07-05,32.2,36.7,515.3
2021-07-06,32.2,36.7,515.3
2021-07-07,32.2,36.7,515.3
2021-07-08,32.2,36.7,515.3
2021-07-09,32.2,36.7,515.3
2021-07-12,32.2,36.7,515.3
2021-07-13,32.2,36.7,515.3
2021-07-14,32.2,36.7,515.3
2021-07-15,32.2,36.7,515.3
2021-07-16,32.2,36.7,515.3
2021-07-19,32.2,36.7,515.3
2021-07-20,32.2,36.7,515.3
2021-07-21,32.2,36.7,515.3
2021-07-22,32.2,36.7,515.3
2021-07-23,32.2,36.7,515.3
2021-07-26,32.2,36.7,515.3
2021-07-27,32.2,36.7,515.3
2021-07-28,32.2,36.7,515.3
2021-07-29,32.2,36.7,515.3
2021-07-30,32.2,36.7,515.3
2021-08-02,19.3,28.1,565.8
2021-08-03,19.3,28.1,565.8
2021-08-04,19.3,28.1,565.8
2021-08-05,19.3,28.1,565.8
2021-08-06,19.3,28.1,565.8
2021-08-09,19.3,28.1,565.8
2021-08-10,19.3,28.1,565.8
2021-08-11,19.3,28.1,565.8
2021-08-12,19.3,28.1,565.8
2021-08-13,19.3,28.1,565.8
2021-08-16,19.3,28.1,565.8
2021-08-17,19.3,28.1,565.8
2021-08-18,19.3,28.1,565.8
2021-08-19,19.3,28.1,565.8
2021-08-20,19.3,28.1,565.8
2021-08-23,19.3,28.1,565.8
2021-08-24,19.3,28.1,565.8
2021-08-25,19.3,28.1,565.8
2021-08-26,19.3,28.1,565.8
2021-08-27,19.3,28.1,565.8
2021-08-30,19.3,28.1,565.8
2021-08-31,19.3,28.1,565.8
2021-09-01,25.6,33.1,583.4
2021-09-02,25.6,33.1,583.4
2021-09-03,25.6,33.1,583.4
2021-09-06,25.6,33.1,583.4
2021-09-07,25.6,33.1,583.4
2021-09-08,25.6,33.1,583.4
2021-09-09,25.6,33.1,583.4
2021-09-10,25.6,33.1,583.4
2021-09-13,25.6,33.1,583.4
2021-09-14,25.6,33.1,583.4
2021-09-15,25.6,33.1,583.4
2021-09-16,25.6,33.1,583.4
2021-09-17,25.6,33.1,583.4
2021-09-22,25.6,33.1,583.4
2021-09-23,25.6,33.1,583.4
2021-09-24,25.6,33.1,583.4
2021-09-27,25.6,33.1,583.4
2021-09-28,25.6,33.1,583.4
2021-09-29,25.6,33.1,583.4
2021-09-30,25.6,33.1,583.4
2021-10-08,28.1,17.6,667.6
2021-10-11,28.1,17.6,667.6
2021-10-12,28.1,17.6,667.6
2021-10-13,28.1,17.6,667.6
2021-10-14,28.1,17.6,667.6
2021-10-15,28.1,17.6,667.6
2021-10-18,28.1,17.6,667.6
2021-10-19,28.1,17.6,667.6
2021-10-20,28.1,17.6,667.6
2021-10-21,28.1,17.6,667.6
2021-10-22,28.1,17.6,667.6
2021-10-25,28.1,17.6,667.6
2021-10-26,28.1,17.6,667.6
2021-10-27,28.1,17.6,667.6
2021-10-28,28.1,17.6,667.6
2021-10-29,28.1,17.6,667.6
2021-11-01,27.1,20.6,845.4
2021-11-02,27.1,20.6,845.4
2021-11-03,27.1,20.6,845.4
2021-11-04,27.1,20.6,845.4
2021-11-05,27.1,20.6,845.4
2021-11-08,27.1,20.6,845.4
2021-11-09,27.1,20.6,845.4
2021-11-10,27.1,20.6,845.4
2021-11-11,27.1,20.6,845.4
2021-11-12,27.1,20.6,845.4
2021-11-15,27.1,20.6,845.4
2021-11-16,27.1,20.6,845.4
2021-11-17,27.1,20.6,845.4
2021-11-18,27.1,20.6,845.4
2021-11-19,27.1,20.6,845.4
2021-11-22,27.1,20.6,845.4
2021-11-23,27.1,20.6,845.4
2021-11-24,27.1,20.6,845.4
2021-11-25,27.1,20.6,845.4
2021-11-26,27.1,20.6,845.4
2021-11-29,27.1,20.6,845.4
2021-11-30,27.1,20.6,845.4
2021-12-01,22.0,31.7,717.2
2021-12-02,22.0,31.7,717.2
2021-12-03,22.0,31.7,717.2
2021-12-06,22.0,31.7,717.2
2021-12-07,22.0,31.7,717.2
2021-12-08,22.0,31.7,717.2
2021-12-09,22.0,31.7,717.2
2021-12-10,22.0,31.7,717.2
2021-12-13,22.0,31.7,717.2
2021-12-14,22.0,31.7,717.2
2021-12-15,22.0,31.7,717.2
2021-12-16,22.0,31.7,717.2
2021-12-17,22.0,31.7,717.2
2021-12-20,22.0,31.7,717.2
2021-12-21,22.0,31.7,717.2
2021-12-22,22.0,31.7,717.2
2021-12-23,22.0,31.7,717.2
2021-12-24,22.0,31.7,717.2
2021-12-27,22.0,31.7,717.2
2021-12-28,22.0,31.7,717.2
2021-12-29,22.0,31.7,717.2
2021-12-30,22.0,31.7,717.2
2021-12-31,22.0,31.7,717.2
2022-01-04,20.9,19.5,944.6
2022-01-05,20.9,19.5,944.6
2022-01-06,20.9,19.5,944.6
2022-01-07,20.9,19.5,944.6
2022-01-10,20.9,19.5,944.6
2022-01-11,20.9,19.5,944.6
2022-01-12,20.9,19.5,944.6
2022-01-13,20.9,19.5,944.6
2022-01-14,20.9,19.5,944.6
2022-01-17,20.9,19.5,944.6
2022-01-18,20.9,19.5,944.6
2022-01-19,20.9,19.5,944.6
2022-01-20,20.9,19.5,944.6
2022-01-21,20.9,19.5,944.6
2022-01-24,20.9,19.5,944.6
2022-01-25,20.9,19.5,944.6
2022-01-26,20.9,19.5,944.6
2022-01-27,20.9,19.5,944.6
2022-01-28,20.9,19.5,944.6
2022-02-07,18.6,17.5,1052.05
2022-02-08,18.6,17.5,1052.05
2022-02-09,18.6,17.5,1052.05
2022-02-10,18.6,17.5,1052.05
2022-02-11,18.6,17.5,1052.05
2022-02-14,18.6,17.5,1052.05
2022-02-15,18.6,17.5,1052.05
2022-02-16,18.6,17.5,1052.05
2022-02-17,18.6,17.5,1052.05
2022-02-18,18.6,17.5,1052.05
2022-02-21,18.6,17.5,1052.05
2022-02-22,18.6,17.5,1052.05
2022-02-23,18.6,17.5,1052.05
2022-02-24,18.6,17.5,1052.05
2022-02-25,18.6,17.5,1052.05
2022-02-28,18.6,17.5,1052.05
2022-03-01,16.3,15.5,1159.5
2022-03-02,16.3,15.5,1159.5
2022-03-03,16.3,15.5,1159.5
2022-03-04,16.3,15.5,1159.5
2022-03-07,16.3,15.5,1159.5
2022-03-08,16.3,15.5,1159.5
2022-03-09,16.3,15.5,1159.5
2022-03-10,16.3,15.5,1159.5
2022-03-11,16.3,15.5,1159.5
2022-03-14,16.3,15.5,1159.5
2022-03-15,16.3,15.5,1159.5
2022-03-16,16.3,15.5,1159.5
2022-03-17,16.3,15.5,1159.5
2022-03-18,16.3,15.5,1159.5
2022-03-21,16.3,15.5,1159.5
2022-03-22,16.3,15.5,1159.5
2022-03-23,16.3,15.5,1159.5
2022-03-24,16.3,15.5,1159.5
2022-03-25,16.3,15.5,1159.5
2022-03-28,16.3,15.5,1159.5
2022-03-29,16.3,15.5,1159.5
2022-03-30,16.3,15.5,1159.5
2022-03-31,16.3,15.5,1159.5
2022-04-01,14.7,-0.1,473.8
2022-04-06,14.7,-0.1,473.8
2022-04-07,14.7,-0.1,473.8
2022-04-08,14.7,-0.1,473.8
2022-04-11,14.7,-0.1,473.8
2022-04-12,14.7,-0.1,473.8
2022-04-13,14.7,-0.1,473.8
2022-04-14,14.7,-0.1,473.8
2022-04-15,14.7,-0.1,473.8
2022-04-18,14.7,-0.1,473.8
2022-04-19,14.7,-0.1,473.8
2022-04-20,14.7,-0.1,473.8
2022-04-21,14.7,-0.1,473.8
2022-04-22,14.7,-0.1,473.8
2022-04-25,14.7,-0.1,473.8
2022-04-26,14.7,-0.1,473.8
2022-04-27,14.7,-0.1,473.8
2022-04-28,14.7,-0.1,473.8
2022-04-29,14.7,-0.1,473.8
2022-05-05,3.9,0.0,511.2
2022-05-06,3.9,0.0,511.2
2022-05-09,3.9,0.0,511.2
2022-05-10,3.9,0.0,511.2
2022-05-11,3.9,0.0,511.2
2022-05-12,3.9,0.0,511.2
2022-05-13,3.9,0.0,511.2
2022-05-16,3.9,0.0,511.2
2022-05-17,3.9,0.0,511.2
2022-05-18,3.9,0.0,511.2
2022-05-19,3.9,0.0,511.2
2022-05-20,3.9,0.0,511.2
2022-05-23,3.9,0.0,511.2
2022-05-24,3.9,0.0,511.2
2022-05-25,3.9,0.0,511.2
2022-05-26,3.9,0.0,511.2
2022-05-27,3.9,0.0,511.2
2022-05-30,3.9,0.0,511.2
2022-05-31,3.9,0.0,511.2
2022-06-01,16.9,4.1,787.6
2022-06-02,16.9,4.1,787.6
2022-06-06,16.9,4.1,787.6
2022-06-07,16.9,4.1,787.6
2022-06-08,16.9,4.1,787.6
2022-06-09,16.9,4.1,787.6
2022-06-10,16.9,4.1,787.6
2022-06-13,16.9,4.1,787.6
2022-06-14,16.9,4.1,787.6
2022-06-15,16.9,4.1,787.6
2022-06-16,16.9,4.1,787.6
2022-06-17,16.9,4.1,787.6
2022-06-20,16.9,4.1,787.6
2022-06-21,16.9,4.1,787.6
2022-06-22,16.9,4.1,787.6
2022-06-23,16.9,4.1,787.6
2022-06-24,16.9,4.1,787.6
2022-06-27,16.9,4.1,787.6
2022-06-28,16.9,4.1,787.6
2022-06-29,16.9,4.1,787.6
2022-06-30,16.9,4.1,787.6
2022-07-01,17.9,1.0,979.4
2022-07-04,17.9,1.0,979.4
2022-07-05,17.9,1.0,979.4
2022-07-06,17.9,1.0,979.4
2022-07-07,17.9,1.0,979.4
2022-07-08,17.9,1.0,979.4
2022-07-11,17.9,1.0,979.4
2022-07-12,17.9,1.0,979.4
2022-07-13,17.9,1.0,979.4
2022-07-14,17.9,1.0,979.4
2022-07-15,17.9,1.0,979.4
2022-07-18,17.9,1.0,979.4
2022-07-19,17.9,1.0,979.4
2022-07-20,17.9,1.0,979.4
2022-07-21,17.9,1.0,979.4
2022-07-22,17.9,1.0,979.4
2022-07-25,17.9,1.0,979.4
2022-07-26,17.9,1.0,979.4
2022-07-27,17.9,1.0,979.4
2022-07-28,17.9,1.0,979.4
2022-07-29,17.9,1.0,979.4
2022-08-01,18.0,2.3,1012.6
2022-08-02,18.0,2.3,1012.6
2022-08-03,18.0,2.3,1012.6
2022-08-04,18.0,2.3,1012.6
2022-08-05,18.0,2.3,1012.6
2022-08-08,18.0,2.3,1012.6
2022-08-09,18.0,2.3,1012.6
2022-08-10,18.0,2.3,1012.6
2022-08-11,18.0,2.3,1012.6
2022-08-12,18.0,2.3,1012.6
2022-08-15,18.0,2.3,1012.6
2022-08-16,18.0,2.3,1012.6
2022-08-17,18.0,2.3,1012.6
2022-08-18,18.0,2.3,1012.6
2022-08-19,18.0,2.3,1012.6
2022-08-22,18.0,2.3,1012.6
2022-08-23,18.0,2.3,1012.6
2022-08-24,18.0,2.3,1012.6
2022-08-25,18.0,2.3,1012.6
2022-08-26,18.0,2.3,1012.6
2022-08-29,18.0,2.3,1012.6
2022-08-30,18.0,2.3,1012.6
2022-08-31,18.0,2.3,1012.6
2022-09-01,7.1,0.3,793.9
2022-09-02,7.1,0.3,793.9
2022-09-05,7.1,0.3,793.9
2022-09-06,7.1,0.3,793.9
2022-09-07,7.1,0.3,793.9
2022-09-08,7.1,0.3,793.9
2022-09-09,7.1,0.3,793.9
2022-09-13,7.1,0.3,793.9
2022-09-14,7.1,0.3,793.9
2022-09-15,7.1,0.3,793.9
2022-09-16,7.1,0.3,793.9
2022-09-19,7.1,0.3,793.9
2022-09-20,7.1,0.3,793.9
2022-09-21,7.1,0.3,793.9
2022-09-22,7.1,0.3,793.9
2022-09-23,7.1,0.3,793.9
2022-09-26,7.1,0.3,793.9
2022-09-27,7.1,0.3,793.9
2022-09-28,7.1,0.3,793.9
2022-09-29,7.1,0.3,793.9
2022-09-30,7.1,0.3,793.9
2022-10-10,5.7,0.3,847.4
2022-10-11,5.7,0.3,847.4
2022-10-12,5.7,0.3,847.4
2022-10-13,5.7,0.3,847.4
2022-10-14,5.7,0.3,847.4
2022-10-17,5.7,0.3,847.4
2022-10-18,5.7,0.3,847.4
2022-10-19,5.7,0.3,847.4
2022-10-20,5.7,0.3,847.4
2022-10-21,5.7,0.3,847.4
2022-10-24,5.7,0.3,847.4
2022-10-25,5.7,0.3,847.4
2022-10-26,5.7,0.3,847.4
2022-10-27,5.7,0.3,847.4
2022-10-28,5.7,0.3,847.4
2022-10-31,5.7,0.3,847.4
2022-11-01,-0.3,-0.7,851.5
2022-11-02,-0.3,-0.7,851.5
2022-11-03,-0.3,-0.7,851.5
2022-11-04,-0.3,-0.7,851.5
2022-11-07,-0.3,-0.7,851.5
2022-11-08,-0.3,-0.7,851.5
2022-11-09,-0.3,-0.7,851.5
2022-11-10,-0.3,-0.7,851.5
2022-11-11,-0.3,-0.7,851.5
2022-11-14,-0.3,-0.7,851.5
2022-11-15,-0.3,-0.7,851.5
2022-11-16,-0.3,-0.7,851.5
2022-11-17,-0.3,-0.7,851.5
2022-11-18,-0.3,-0.7,851.5
2022-11-21,-0.3,-0.7,851.5
2022-11-22,-0.3,-0.7,851.5
2022-11-23,-0.3,-0.7,851.5
2022-11-24,-0.3,-0.7,851.5
2022-11-25,-0.3,-0.7,851.5
2022-11-28,-0.3,-0.7,851.5
2022-11-29,-0.3,-0.7,851.5
2022-11-30,-0.3,-0.7,851.5
2022-12-01,-8.7,-10.6,698.4
2022-12-02,-8.7,-10.6,698.4
2022-12-05,-8.7,-10.6,698.4
2022-12-06,-8.7,-10.6,698.4
2022-12-07,-8.7,-10.6,698.4
2022-12-08,-8.7,-10.6,698.4
2022-12-09,-8.7,-10.6,698.4
2022-12-12,-8.7,-10.6,698.4
2022-12-13,-8.7,-10.6,698.4
2022-12-14,-8.7,-10.6,698.4
2022-12-15,-8.7,-10.6,698.4
2022-12-16,-8.7,-10.6,698.4
2022-12-19,-8.7,-10.6,698.4
2022-12-20,-8.7,-10.6,698.4
2022-12-21,-8.7,-10.6,698.4
2022-12-22,-8.7,-10.6,698.4
2022-12-23,-8.7,-10.6,698.4
2022-12-26,-8.7,-10.6,698.4
2022-12-27,-8.7,-10.6,698.4
2022-12-28,-8.7,-10.6,698.4
2022-12-29,-8.7,-10.6,698.4
2022-12-30,-8.7,-10.6,698.4
2023-01-03,-9.9,-7.5,780.0
2023-01-04,-9.9,-7.5,780.0
2023-01-05,-9.9,-7.5,780.0
2023-01-06,-9.9,-7.5,780.0
2023-01-09,-9.9,-7.5,780.0
2023-01-10,-9.9,-7.5,780.0
2023-01-11,-9.9,-7.5,780.0
2023-01-12,-9.9,-7.5,780.0
2023-01-13,-9.9,-7.5,780.0
2023-01-16,-9.9,-7.5,780.0
2023-01-17,-9.9,-7.5,780.0
2023-01-18,-9.9,-7.5,780.0
2023-01-19,-9.9,-7.5,780.0
2023-01-20,-9.9,-7.5,780.0
2023-01-30,-9.9,-7.5,780.0
2023-01-31,-9.9,-7.5,780.0
2023-02-01,-8.35,-8.85,974.4
2023-02-02,-8.35,-8.85,974.4
2023-02-03,-8.35,-8.85,974.4
2023-02-06,-8.35,-8.85,974.4
2023-02-07,-8.35,-8.85,974.4
2023-02-08,-8.35,-8.85,974.4
2023-02-09,-8.35,-8.85,974.4
2023-02-10,-8.35,-8.85,974.4
2023-02-13,-8.35,-8.85,974.4
2023-02-14,-8.35,-8.85,974.4
2023-02-15,-8.35,-8.85,974.4
2023-02-16,-8.35,-8.85,974.4
2023-02-17,-8.35,-8.85,974.4
2023-02-20,-8.35,-8.85,974.4
2023-02-21,-8.35,-8.85,974.4
2023-02-22,-8.35,-8.85,974.4
2023-02-23,-8.35,-8.85,974.4
2023-02-24,-8.35,-8.85,974.4
2023-02-27,-8.35,-8.85,974.4
2023-02-28,-8.35,-8.85,974.4
2023-03-01,-6.8,-10.2,1168.8
2023-03-02,-6.8,-10.2,1168.8
2023-03-03,-6.8,-10.2,1168.8
2023-03-06,-6.8,-10.2,1168.8
2023-03-07,-6.8,-10.2,1168.8
2023-03-08,-6.8,-10.2,1168.8
2023-03-09,-6.8,-10.2,1168.8
2023-03-10,-6.8,-10.2,1168.8
2023-03-13,-6.8,-10.2,1168.8
2023-03-14,-6.8,-10.2,1168.8
2023-03-15,-6.8,-10.2,1168.8
2023-03-16,-6.8,-10.2,1168.8
2023-03-17,-6.8,-10.2,1168.8
2023-03-20,-6.8,-10.2,1168.8
2023-03-21,-6.8,-10.2,1168.8
2023-03-22,-6.8,-10.2,1168.8
2023-03-23,-6.8,-10.2,1168.8
2023-03-24,-6.8,-10.2,1168.8
2023-03-27,-6.8,-10.2,1168.8
2023-03-28,-6.8,-10.2,1168.8
2023-03-29,-6.8,-10.2,1168.8
2023-03-30,-6.8,-10.2,1168.8
2023-03-31,-6.8,-10.2,1168.8
2023-04-03,14.8,-1.4,881.9
2023-04-04,14.8,-1.4,881.9
2023-04-06,14.8,-1.4,881.9
2023-04-07,14.8,-1.4,881.9
2023-04-10,14.8,-1.4,881.9
2023-04-11,14.8,-1.4,881.9
2023-04-12,14.8,-1.4,881.9
2023-04-13,14.8,-1.4,881.9
2023-04-14,14.8,-1.4,881.9
2023-04-17,14.8,-1.4,881.9
2023-04-18,14.8,-1.4,881.9
2023-04-19,14.8,-1.4,881.9
2023-04-20,14.8,-1.4,881.9
2023-04-21,14.8,-1.4,881.9
2023-04-24,14.8,-1.4,881.9
2023-04-25,14.8,-1.4,881.9
2023-04-26,14.8,-1.4,881.9
2023-04-27,14.8,-1.4,881.9
2023-04-28,14.8,-1.4,881.9
2023-05-04,8.5,-7.9,902.1
2023-05-05,8.5,-7.9,902.1
2023-05-08,8.5,-7.9,902.1
2023-05-09,8.5,-7.9,902.1
2023-05-10,8.5,-7.9,902.1
2023-05-11,8.5,-7.9,902.1
2023-05-12,8.5,-7.9,902.1
2023-05-15,8.5,-7.9,902.1
2023-05-16,8.5,-7.9,902.1
2023-05-17,8.5,-7.9,902.1
2023-05-18,8.5,-7.9,902.1
2023-05-19,8.5,-7.9,902.1
2023-05-22,8.5,-7.9,902.1
2023-05-23,8.5,-7.9,902.1
2023-05-24,8.5,-7.9,902.1
2023-05-25,8.5,-7.9,902.1
2023-05-26,8.5,-7.9,902.1
2023-05-29,8.5,-7.9,902.1
2023-05-30,8.5,-7.9,902.1
2023-05-31,8.5,-7.9,902.1
2023-06-01,-7.5,-4.5,658.1
2023-06-02,-7.5,-4.5,658.1
2023-06-05,-7.5,-4.5,658.1
2023-06-06,-7.5,-4.5,658.1
2023-06-07,-7.5,-4.5,658.1
2023-06-08,-7.5,-4.5,658.1
2023-06-09,-7.5,-4.5,658.1
2023-06-12,-7.5,-4.5,658.1
2023-06-13,-7.5,-4.5,658.1
2023-06-14,-7.5,-4.5,658.1
2023-06-15,-7.5,-4.5,658.1
2023-06-16,-7.5,-4.5,658.1
2023-06-19,-7.5,-4.5,658.1
2023-06-20,-7.5,-4.5,658.1
2023-06-21,-7.5,-4.5,658.1
2023-06-26,-7.5,-4.5,658.1
2023-06-27,-7.5,-4.5,658.1
2023-06-28,-7.5,-4.5,658.1
2023-06-29,-7.5,-4.5,658.1
2023-06-30,-7.5,-4.5,658.1
2023-07-03,-12.4,-6.8,706.2
2023-07-04,-12.4,-6.8,706.2
2023-07-05,-12.4,-6.8,706.2
2023-07-06,-12.4,-6.8,706.2
2023-07-07,-12.4,-6.8,706.2
2023-07-10,-12.4,-6.8,706.2
2023-07-11,-12.4,-6.8,706.2
2023-07-12,-12.4,-6.8,706.2
2023-07-13,-12.4,-6.8,706.2
2023-07-14,-12.4,-6.8,706.2
2023-07-17,-12.4,-6.8,706.2
2023-07-18,-12.4,-6.8,706.2
2023-07-19,-12.4,-6.8,706.2
2023-07-20,-12.4,-6.8,706.2
2023-07-21,-12.4,-6.8,706.2
2023-07-24,-12.4,-6.8,706.2
2023-07-25,-12.4,-6.8,706.2
2023-07-26,-12.4,-6.8,706.2
2023-07-27,-12.4,-6.8,706.2
2023-07-28,-12.4,-6.8,706.2
2023-07-31,-12.4,-6.8,706.2
2023-08-01,-14.5,-12.4,806.0
2023-08-02,-14.5,-12.4,806.0
2023-08-03,-14.5,-12.4,806.0
2023-08-04,-14.5,-12.4,806.0
2023-08-07,-14.5,-12.4,806.0
2023-08-08,-14.5,-12.4,806.0
2023-08-09,-14.5,-12.4,806.0
2023-08-10,-14.5,-12.4,806.0
2023-08-11,-14.5,-12.4,806.0
2023-08-14,-14.5,-12.4,806.0
2023-08-15,-14.5,-12.4,806.0
2023-08-16,-14.5,-12.4,806.0
2023-08-17,-14.5,-12.4,806.0
2023-08-18,-14.5,-12.4,806.0
2023-08-21,-14.5,-12.4,806.0
2023-08-22,-14.5,-12.4,806.0
2023-08-23,-14.5,-12.4,806.0
2023-08-24,-14.5,-12.4,806.0
2023-08-25,-14.5,-12.4,806.0
2023-08-28,-14.5,-12.4,806.0
2023-08-29,-14.5,-12.4,806.0
2023-08-30,-14.5,-12.4,806.0
2023-08-31,-14.5,-12.4,806.0
2023-09-01,-8.8,-7.3,683.6
2023-09-04,-8.8,-7.3,683.6
2023-09-05,-8.8,-7.3,683.6
2023-09-06,-8.8,-7.3,683.6
2023-09-07,-8.8,-7.3,683.6
2023-09-08,-8.8,-7.3,683.6
2023-09-11,-8.8,-7.3,683.6
2023-09-12,-8.8,-7.3,683.6
2023-09-13,-8.8,-7.3,683.6
2023-09-14,-8.8,-7.3,683.6
2023-09-15,-8.8,-7.3,683.6
2023-09-18,-8.8,-7.3,683.6
2023-09-19,-8.8,-7.3,683.6
2023-09-20,-8.8,-7.3,683.6
2023-09-21,-8.8,-7.3,683.6
2023-09-22,-8.8,-7.3,683.6
2023-09-25,-8.8,-7.3,683.6
2023-09-26,-8.8,-7.3,683.6
2023-09-27,-8.8,-7.3,683.6
2023-09-28,-8.8,-7.3,683.6
2023-10-09,-6.2,-6.2,777.1
2023-10-10,-6.2,-6.2,777.1
2023-10-11,-6.2,-6.2,777.1
2023-10-12,-6.2,-6.2,777.1
2023-10-13,-6.2,-6.2,777.1
2023-10-16,-6.2,-6.2,777.1
2023-10-17,-6.2,-6.2,777.1
2023-10-18,-6.2,-6.2,777.1
2023-10-19,-6.2,-6.2,777.1
2023-10-20,-6.2,-6.2,777.1
2023-10-23,-6.2,-6.2,777.1
2023-10-24,-6.2,-6.2,777.1
2023-10-25,-6.2,-6.2,777.1
2023-10-26,-6.2,-6.2,777.1
2023-10-27,-6.2,-6.2,777.1
2023-10-30,-6.2,-6.2,777.1
2023-10-31,-6.2,-6.2,777.1
2023-11-01,-6.4,3.0,565.3
2023-11-02,-6.4,3.0,565.3
2023-11-03,-6.4,3.0,565.3
2023-11-06,-6.4,3.0,565.3
2023-11-07,-6.4,3.0,565.3
2023-11-08,-6.4,3.0,565.3
2023-11-09,-6.4,3.0,565.3
2023-11-10,-6.4,3.0,565.3
2023-11-13,-6.4,3.0,565.3
2023-11-14,-6.4,3.0,565.3
2023-11-15,-6.4,3.0,565.3
2023-11-16,-6.4,3.0,565.3
2023-11-17,-6.4,3.0,565.3
2023-11-20,-6.4,3.0,565.3
2023-11-21,-6.4,3.0,565.3
2023-11-22,-6.4,3.0,565.3
2023-11-23,-6.4,3.0,565.3
2023-11-24,-6.4,3.0,565.3
2023-11-27,-6.4,3.0,565.3
2023-11-28,-6.4,3.0,565.3
2023-11-29,-6.4,3.0,565.3
2023-11-30,-6.4,3.0,565.3
2023-12-01,0.5,-0.6,683.9
2023-12-04,0.5,-0.6,683.9
2023-12-05,0.5,-0.6,683.9
2023-12-06,0.5,-0.6,683.9
2023-12-07,0.5,-0.6,683.9
2023-12-08,0.5,-0.6,683.9
2023-12-11,0.5,-0.6,683.9
2023-12-12,0.5,-0.6,683.9
2023-12-13,0.5,-0.6,683.9
2023-12-14,0.5,-0.6,683.9
2023-12-15,0.5,-0.6,683.9
2023-12-18,0.5,-0.6,683.9
2023-12-19,0.5,-0.6,683.9
2023-12-20,0.5,-0.6,683.9
2023-12-21,0.5,-0.6,683.9
2023-12-22,0.5,-0.6,683.9
2023-12-25,0.5,-0.6,683.9
2023-12-26,0.5,-0.6,683.9
2023-12-27,0.5,-0.6,683.9
2023-12-28,0.5,-0.6,683.9
2023-12-29,0.5,-0.6,683.9
2024-01-02,2.3,0.2,753.4
2024-01-03,2.3,0.2,753.4
2024-01-04,2.3,0.2,753.4
2024-01-05,2.3,0.2,753.4
2024-01-08,2.3,0.2,753.4
2024-01-09,2.3,0.2,753.4
2024-01-10,2.3,0.2,753.4
2024-01-11,2.3,0.2,753.4
2024-01-12,2.3,0.2,753.4
2024-01-15,2.3,0.2,753.4
2024-01-16,2.3,0.2,753.4
2024-01-17,2.3,0.2,753.4
2024-01-18,2.3,0.2,753.4
2024-01-19,2.3,0.2,753.4
2024-01-22,2.3,0.2,753.4
2024-01-23,2.3,0.2,753.4
2024-01-24,2.3,0.2,753.4
2024-01-25,2.3,0.2,753.4
2024-01-26,2.3,0.2,753.4
2024-01-29,2.3,0.2,753.4
2024-01-30,2.3,0.2,753.4
2024-01-31,2.3,0.2,753.4
2024-02-01,4.699999999999999,1.85,1002.5
2024-02-02,4.699999999999999,1.85,1002.5
2024-02-05,4.699999999999999,1.85,1002.5
2024-02-06,4.699999999999999,1.85,1002.5
2024-02-07,4.699999999999999,1.85,1002.5
2024-02-08,4.699999999999999,1.85,1002.5
2024-02-19,4.699999999999999,1.85,1002.5
2024-02-20,4.699999999999999,1.85,1002.5
2024-02-21,4.699999999999999,1.85,1002.5
2024-02-22,4.699999999999999,1.85,1002.5
2024-02-23,4.699999999999999,1.85,1002.5
2024-02-26,4.699999999999999,1.85,1002.5
2024-02-27,4.699999999999999,1.85,1002.5
2024-02-28,4.699999999999999,1.85,1002.5
2024-02-29,4.699999999999999,1.85,1002.5
2024-03-01,7.1,3.5,1251.6
2024-03-04,7.1,3.5,1251.6
2024-03-05,7.1,3.5,1251.6
2024-03-06,7.1,3.5,1251.6
2024-03-07,7.1,3.5,1251.6
2024-03-08,7.1,3.5,1251.6
2024-03-11,7.1,3.5,1251.6
2024-03-12,7.1,3.5,1251.6
2024-03-13,7.1,3.5,1251.6
2024-03-14,7.1,3.5,1251.6
2024-03-15,7.1,3.5,1251.6
2024-03-18,7.1,3.5,1251.6
2024-03-19,7.1,3.5,1251.6
2024-03-20,7.1,3.5,1251.6
2024-03-21,7.1,3.5,1251.6
2024-03-22,7.1,3.5,1251.6
2024-03-25,7.1,3.5,1251.6
2024-03-26,7.1,3.5,1251.6
2024-03-27,7.1,3.5,1251.6
2024-03-28,7.1,3.5,1251.6
2024-03-29,7.1,3.5,1251.6
2024-04-01,-7.5,-1.9,585.5
2024-04-02,-7.5,-1.9,585.5
2024-04-03,-7.5,-1.9,585.5
2024-04-08,-7.5,-1.9,585.5
2024-04-09,-7.5,-1.9,585.5
2024-04-10,-7.5,-1.9,585.5
2024-04-11,-7.5,-1.9,585.5
2024-04-12,-7.5,-1.9,585.5
2024-04-15,-7.5,-1.9,585.5
2024-04-16,-7.5,-1.9,585.5
2024-04-17,-7.5,-1.9,585.5
2024-04-18,-7.5,-1.9,585.5
2024-04-19,-7.5,-1.9,585.5
2024-04-22,-7.5,-1.9,585.5
2024-04-23,-7.5,-1.9,585.5
2024-04-24,-7.5,-1.9,585.5
2024-04-25,-7.5,-1.9,585.5
2024-04-26,-7.5,-1.9,585.5
2024-04-29,-7.5,-1.9,585.5
2024-04-30,-7.5,-1.9,585.5
2024-05-06,1.5,8.4,723.5
2024-05-07,1.5,8.4,723.5
2024-05-08,1.5,8.4,723.5
2024-05-09,1.5,8.4,723.5
2024-05-10,1.5,8.4,723.5
2024-05-13,1.5,8.4,723.5
2024-05-14,1.5,8.4,723.5
2024-05-15,1.5,8.4,723.5
2024-05-16,1.5,8.4,723.5
2024-05-17,1.5,8.4,723.5
2024-05-20,1.5,8.4,723.5
2024-05-21,1.5,8.4,723.5
2024-05-22,1.5,8.4,723.5
2024-05-23,1.5,8.4,723.5
2024-05-24,1.5,8.4,723.5
2024-05-27,1.5,8.4,723.5
2024-05-28,1.5,8.4,723.5
2024-05-29,1.5,8.4,723.5
2024-05-30,1.5,8.4,723.5
2024-05-31,1.5,8.4,723.5
2024-06-03,7.6,1.8,826.2
2024-06-04,7.6,1.8,826.2
2024-06-05,7.6,1.8,826.2
2024-06-06,7.6,1.8,826.2
2024-06-07,7.6,1.8,826.2
2024-06-11,7.6,1.8,826.2
2024-06-12,7.6,1.8,826.2
2024-06-13,7.6,1.8,826.2
2024-06-14,7.6,1.8,826.2
2024-06-17,7.6,1.8,826.2
2024-06-18,7.6,1.8,826.2
2024-06-19,7.6,1.8,826.2
2024-06-20,7.6,1.8,826.2
2024-06-21,7.6,1.8,826.2
2024-06-24,7.6,1.8,826.2
2024-06-25,7.6,1.8,826.2
2024-06-26,7.6,1.8,826.2
2024-06-27,7.6,1.8,826.2
2024-06-28,7.6,1.8,826.2
2024-07-01,8.6,-2.3,990.5
2024-07-02,8.6,-2.3,990.5
2024-07-03,8.6,-2.3,990.5
2024-07-04,8.6,-2.3,990.5
2024-07-05,8.6,-2.3,990.5
2024-07-08,8.6,-2.3,990.5
2024-07-09,8.6,-2.3,990.5
2024-07-10,8.6,-2.3,990.5
2024-07-11,8.6,-2.3,990.5
2024-07-12,8.6,-2.3,990.5
2024-07-15,8.6,-2.3,990.5
2024-07-16,8.6,-2.3,990.5
2024-07-17,8.6,-2.3,990.5
2024-07-18,8.6,-2.3,990.5
2024-07-19,8.6,-2.3,990.5
2024-07-22,8.6,-2.3,990.5
2024-07-23,8.6,-2.3,990.5
2024-07-24,8.6,-2.3,990.5
2024-07-25,8.6,-2.3,990.5
2024-07-26,8.6,-2.3,990.5
2024-07-29,8.6,-2.3,990.5
2024-07-30,8.6,-2.3,990.5
2024-07-31,8.6,-2.3,990.5
2024-08-01,7.0,7.2,846.5
2024-08-02,7.0,7.2,846.5
2024-08-05,7.0,7.2,846.5
2024-08-06,7.0,7.2,846.5
2024-08-07,7.0,7.2,846.5
2024-08-08,7.0,7.2,846.5
2024-08-09,7.0,7.2,846.5
2024-08-12,7.0,7.2,846.5
2024-08-13,7.0,7.2,846.5
2024-08-14,7.0,7.2,846.5
2024-08-15,7.0,7.2,846.5
2024-08-16,7.0,7.2,846.5
2024-08-19,7.0,7.2,846.5
2024-08-20,7.0,7.2,846.5
2024-08-21,7.0,7.2,846.5
2024-08-22,7.0,7.2,846.5
2024-08-23,7.0,7.2,846.5
2024-08-26,7.0,7.2,846.5
2024-08-27,7.0,7.2,846.5
2024-08-28,7.0,7.2,846.5
2024-08-29,7.0,7.2,846.5
2024-08-30,7.0,7.2,846.5
2024-09-02,8.7,0.5,910.2
2024-09-03,8.7,0.5,910.2
2024-09-04,8.7,0.5,910.2
2024-09-05,8.7,0.5,910.2
2024-09-06,8.7,0.5,910.2
2024-09-09,8.7,0.5,910.2
2024-09-10,8.7,0.5,910.2
2024-09-11,8.7,0.5,910.2
2024-09-12,8.7,0.5,910.2
2024-09-13,8.7,0.5,910.2
2024-09-18,8.7,0.5,910.2
2024-09-19,8.7,0.5,910.2
2024-09-20,8.7,0.5,910.2
2024-09-23,8.7,0.5,910.2
2024-09-24,8.7,0.5,910.2
2024-09-25,8.7,0.5,910.2
2024-09-26,8.7,0.5,910.2
2024-09-27,8.7,0.5,910.2
2024-09-30,8.7,0.5,910.2
2024-10-08,2.4,0.3,817.1
2024-10-09,2.4,0.3,817.1
2024-10-10,2.4,0.3,817.1
2024-10-11,2.4,0.3,817.1
2024-10-14,2.4,0.3,817.1
2024-10-15,2.4,0.3,817.1
2024-10-16,2.4,0.3,817.1
2024-10-17,2.4,0.3,817.1
2024-10-18,2.4,0.3,817.1
2024-10-21,2.4,0.3,817.1
2024-10-22,2.4,0.3,817.1
2024-10-23,2.4,0.3,817.1
2024-10-24,2.4,0.3,817.1
2024-10-25,2.4,0.3,817.1
2024-10-28,2.4,0.3,817.1
2024-10-29,2.4,0.3,817.1
2024-10-30,2.4,0.3,817.1
2024-10-31,2.4,0.3,817.1
2024-11-01,12.7,-2.3,952.7
2024-11-04,12.7,-2.3,952.7
2024-11-05,12.7,-2.3,952.7
2024-11-06,12.7,-2.3,952.7
2024-11-07,12.7,-2.3,952.7
2024-11-08,12.7,-2.3,952.7
2024-11-11,12.7,-2.3,952.7
2024-11-12,12.7,-2.3,952.7
2024-11-13,12.7,-2.3,952.7
2024-11-14,12.7,-2.3,952.7
2024-11-15,12.7,-2.3,952.7
2024-11-18,12.7,-2.3,952.7
2024-11-19,12.7,-2.3,952.7
2024-11-20,12.7,-2.3,952.7
2024-11-21,12.7,-2.3,952.7
2024-11-22,12.7,-2.3,952.7
2024-11-25,12.7,-2.3,952.7
2024-11-26,12.7,-2.3,952.7
2024-11-27,12.7,-2.3,952.7
2024-11-28,12.7,-2.3,952.7
2024-11-29,12.7,-2.3,952.7
2024-12-02,6.7,-3.9,974.4
2024-12-03,6.7,-3.9,974.4
2024-12-04,6.7,-3.9,974.4
2024-12-05,6.7,-3.9,974.4
2024-12-06,6.7,-3.9,974.4
2024-12-09,6.7,-3.9,974.4
2024-12-10,6.7,-3.9,974.4
2024-12-11,6.7,-3.9,974.4
2024-12-12,6.7,-3.9,974.4
2024-12-13,6.7,-3.9,974.4
2024-12-16,6.7,-3.9,974.4
2024-12-17,6.7,-3.9,974.4
2024-12-18,6.7,-3.9,974.4
2024-12-19,6.7,-3.9,974.4
2024-12-20,6.7,-3.9,974.4
2024-12-23,6.7,-3.9,974.4
2024-12-24,6.7,-3.9,974.4
2024-12-25,6.7,-3.9,974.4
2024-12-26,6.7,-3.9,974.4
2024-12-27,6.7,-3.9,974.4
2024-12-30,6.7,-3.9,974.4
2024-12-31,6.7,-3.9,974.4
2025-01-02,10.7,1.0,1048.4
2025-01-03,10.7,1.0,1048.4
2025-01-06,10.7,1.0,1048.4
2025-01-07,10.7,1.0,1048.4
2025-01-08,10.7,1.0,1048.4
2025-01-09,10.7,1.0,1048.4
2025-01-10,10.7,1.0,1048.4
2025-01-13,10.7,1.0,1048.4
2025-01-14,10.7,1.0,1048.4
2025-01-15,10.7,1.0,1048.4
2025-01-16,10.7,1.0,1048.4
2025-01-17,10.7,1.0,1048.4
2025-01-20,10.7,1.0,1048.4
2025-01-21,10.7,1.0,1048.4
2025-01-22,10.7,1.0,1048.4
2025-01-23,10.7,1.0,1048.4
2025-01-24,10.7,1.0,1048.4
2025-01-27,10.7,1.0,1048.4
2025-02-05,6.5,-3.7,1376.8000000000002
2025-02-06,6.5,-3.7,1376.8000000000002
2025-02-07,6.5,-3.7,1376.8000000000002
2025-02-10,6.5,-3.7,1376.8000000000002
2025-02-11,6.5,-3.7,1376.8000000000002
2025-02-12,6.5,-3.7,1376.8000000000002
2025-02-13,6.5,-3.7,1376.8000000000002
2025-02-14,6.5,-3.7,1376.8000000000002
2025-02-17,6.5,-3.7,1376.8000000000002
2025-02-18,6.5,-3.7,1376.8000000000002
2025-02-19,6.5,-3.7,1376.8000000000002
2025-02-20,6.5,-3.7,1376.8000000000002
2025-02-21,6.5,-3.7,1376.8000000000002
2025-02-24,6.5,-3.7,1376.8000000000002
2025-02-25,6.5,-3.7,1376.8000000000002
2025-02-26,6.5,-3.7,1376.8000000000002
2025-02-27,6.5,-3.7,1376.8000000000002
2025-02-28,6.5,-3.7,1376.8000000000002
2025-03-03,2.3,-8.4,1705.2
2025-03-04,2.3,-8.4,1705.2
2025-03-05,2.3,-8.4,1705.2
2025-03-06,2.3,-8.4,1705.2
2025-03-07,2.3,-8.4,1705.2
2025-03-10,2.3,-8.4,1705.2
2025-03-11,2.3,-8.4,1705.2
2025-03-12,2.3,-8.4,1705.2
2025-03-13,2.3,-8.4,1705.2
2025-03-14,2.3,-8.4,1705.2
2025-03-17,2.3,-8.4,1705.2
2025-03-18,2.3,-8.4,1705.2
2025-03-19,2.3,-8.4,1705.2
2025-03-20,2.3,-8.4,1705.2
2025-03-21,2.3,-8.4,1705.2
2025-03-24,2.3,-8.4,1705.2
2025-03-25,2.3,-8.4,1705.2
2025-03-26,2.3,-8.4,1705.2
2025-03-27,2.3,-8.4,1705.2
2025-03-28,2.3,-8.4,1705.2
2025-03-31,2.3,-8.4,1705.2
2025-04-01,12.4,-4.3,1026.4
2025-04-02,12.4,-4.3,1026.4
2025-04-03,12.4,-4.3,1026.4
2025-04-07,12.4,-4.3,1026.4
2025-04-08,12.4,-4.3,1026.4
2025-04-09,12.4,-4.3,1026.4
2025-04-10,12.4,-4.3,1026.4
2025-04-11,12.4,-4.3,1026.4
2025-04-14,12.4,-4.3,1026.4
2025-04-15,12.4,-4.3,1026.4
2025-04-16,12.4,-4.3,1026.4
2025-04-17,12.4,-4.3,1026.4
2025-04-18,12.4,-4.3,1026.4
2025-04-21,12.4,-4.3,1026.4
2025-04-22,12.4,-4.3,1026.4
2025-04-23,12.4,-4.3,1026.4
2025-04-24,12.4,-4.3,1026.4
2025-04-25,12.4,-4.3,1026.4
2025-04-28,12.4,-4.3,1026.4
2025-04-29,12.4,-4.3,1026.4
2025-04-30,12.4,-4.3,1026.4
2025-05-06,8.1,-0.2,961.8
2025-05-07,8.1,-0.2,961.8
2025-05-08,8.1,-0.2,961.8
2025-05-09,8.1,-0.2,961.8
2025-05-12,8.1,-0.2,961.8
2025-05-13,8.1,-0.2,961.8
2025-05-14,8.1,-0.2,961.8
2025-05-15,8.1,-0.2,961.8
2025-05-16,8.1,-0.2,961.8
2025-05-19,8.1,-0.2,961.8
2025-05-20,8.1,-0.2,961.8
2025-05-21,8.1,-0.2,961.8
2025-05-22,8.1,-0.2,961.8
2025-05-23,8.1,-0.2,961.8
2025-05-26,8.1,-0.2,961.8
2025-05-27,8.1,-0.2,961.8
2025-05-28,8.1,-0.2,961.8
2025-05-29,8.1,-0.2,961.8
2025-05-30,8.1,-0.2,961.8
2025-06-03,4.8,-3.4,1032.2
2025-06-04,4.8,-3.4,1032.2
2025-06-05,4.8,-3.4,1032.2
2025-06-06,4.8,-3.4,1032.2
2025-06-09,4.8,-3.4,1032.2
2025-06-10,4.8,-3.4,1032.2
2025-06-11,4.8,-3.4,1032.2
2025-06-12,4.8,-3.4,1032.2
2025-06-13,4.8,-3.4,1032.2
2025-06-16,4.8,-3.4,1032.2
2025-06-17,4.8,-3.4,1032.2
2025-06-18,4.8,-3.4,1032.2
2025-06-19,4.8,-3.4,1032.2
2025-06-20,4.8,-3.4,1032.2
2025-06-23,4.8,-3.4,1032.2
2025-06-24,4.8,-3.4,1032.2
2025-06-25,4.8,-3.4,1032.2
2025-06-26,4.8,-3.4,1032.2
2025-06-27,4.8,-3.4,1032.2
2025-06-30,4.8,-3.4,1032.2
2025-07-01,5.8,1.1,1147.7
2025-07-02,5.8,1.1,1147.7
2025-07-03,5.8,1.1,1147.7
2025-07-04,5.8,1.1,1147.7
2025-07-07,5.8,1.1,1147.7
2025-07-08,5.8,1.1,1147.7
2025-07-09,5.8,1.1,1147.7
2025-07-10,5.8,1.1,1147.7
2025-07-11,5.8,1.1,1147.7
2025-07-14,5.8,1.1,1147.7
2025-07-15,5.8,1.1,1147.7
2025-07-16,5.8,1.1,1147.7
2025-07-17,5.8,1.1,1147.7
2025-07-18,5.8,1.1,1147.7
2025-07-21,5.8,1.1,1147.7
2025-07-22,5.8,1.1,1147.7
2025-07-23,5.8,1.1,1147.7
2025-07-24,5.8,1.1,1147.7
2025-07-25,5.8,1.1,1147.7
2025-07-28,5.8,1.1,1147.7
2025-07-29,5.8,1.1,1147.7
2025-07-30,5.8,1.1,1147.7
2025-07-31,5.8,1.1,1147.7
2025-08-01,7.2,4.1,982.4
2025-08-04,7.2,4.1,982.4
2025-08-05,7.2,4.1,982.4
2025-08-06,7.2,4.1,982.4
2025-08-07,7.2,4.1,982.4
2025-08-08,7.2,4.1,982.4
2025-08-11,7.2,4.1,982.4
2025-08-12,7.2,4.1,982.4
2025-08-13,7.2,4.1,982.4
2025-08-14,7.2,4.1,982.4
2025-08-15,7.2,4.1,982.4
2025-08-18,7.2,4.1,982.4
2025-08-19,7.2,4.1,982.4
2025-08-20,7.2,4.1,982.4
2025-08-21,7.2,4.1,982.4
2025-08-22,7.2,4.1,982.4
2025-08-25,7.2,4.1,982.4
2025-08-26,7.2,4.1,982.4
2025-08-27,7.2,4.1,982.4
2025-08-28,7.2,4.1,982.4
2025-08-29,7.2,4.1,982.4
2025-09-01,7.2,4.1,982.4
2025-09-02,7.2,4.1,982.4
2025-09-03,7.2,4.1,982.4
2025-09-04,7.2,4.1,982.4
2025-09-05,7.2,4.1,982.4
2025-09-08,7.2,4.1,982.4
2025-09-09,7.2,4.1,982.4
2025-09-10,7.2,4.1,982.4
2025-09-11,7.2,4.1,982.4
2025-09-12,7.2,4.1,982.4
2025-09-15,7.2,4.1,982.4
2025-09-16,7.2,4.1,982.4
2025-09-17,7.2,4.1,982.4
2025-09-18,7.2,4.1,982.4
2025-09-19,7.2,4.1,982.4
2025-09-22,7.2,4.1,982.4
2025-09-23,7.2,4.1,982.4
2025-09-24,7.2,4.1,982.4
2025-09-25,7.2,4.1,982.4
2025-09-26,7.2,4.1,982.4
2025-09-29,7.2,4.1,982.4
2025-09-30,7.2,4.1,982.4
2025-10-09,7.2,4.1,982.4
2025-10-10,7.2,4.1,982.4
2025-10-13,7.2,4.1,982.4
2025-10-14,7.2,4.1,982.4
2025-10-15,7.2,4.1,982.4
2025-10-16,7.2,4.1,982.4
2025-10-17,7.2,4.1,982.4
2025-10-20,7.2,4.1,982.4
2025-10-21,7.2,4.1,982.4
2025-10-22,7.2,4.1,982.4
2025-10-23,7.2,4.1,982.4
2025-10-24,7.2,4.1,982.4
2025-10-27,7.2,4.1,982.4
2025-10-28,7.2,4.1,982.4
2025-10-29,7.2,4.1,982.4
2025-10-30,7.2,4.1,982.4
2025-10-31,7.2,4.1,982.4
2025-11-03,7.2,4.1,982.4
2025-11-04,7.2,4.1,982.4
2025-11-05,7.2,4.1,982.4
2025-11-06,7.2,4.1,982.4
2025-11-07,7.2,4.1,982.4
2025-11-10,7.2,4.1,982.4
2025-11-11,7.2,4.1,982.4
2025-11-12,7.2,4.1,982.4
2025-11-13,7.2,4.1,982.4
2025-11-14,7.2,4.1,982.4
2025-11-17,7.2,4.1,982.4
2025-11-18,7.2,4.1,982.4
2025-11-19,7.2,4.1,982.4
2025-11-20,7.2,4.1,982.4
2025-11-21,7.2,4.1,982.4
2025-11-24,7.2,4.1,982.4
2025-11-25,7.2,4.1,982.4
2025-11-26,7.2,4.1,982.4
2025-11-27,7.2,4.1,982.4
2025-11-28,7.2,4.1,982.4
2025-12-01,7.2,4.1,982.4
2025-12-02,7.2,4.1,982.4
2025-12-03,7.2,4.1,982.4
2025-12-04,7.2,4.1,982.4
2025-12-05,7.2,4.1,982.4
2025-12-08,7.2,4.1,982.4
2025-12-09,7.2,4.1,982.4
2025-12-10,7.2,4.1,982.4
2025-12-11,7.2,4.1,982.4
2025-12-12,7.2,4.1,982.4
2025-12-15,7.2,4.1,982.4
2025-12-16,7.2,4.1,982.4
2025-12-17,7.2,4.1,982.4
2025-12-18,7.2,4.1,982.4
2025-12-19,7.2,4.1,982.4
2025-12-22,7.2,4.1,982.4
2025-12-23,7.2,4.1,982.4
2025-12-24,7.2,4.1,982.4
2025-12-25,7.2,4.1,982.4
2025-12-26,7.2,4.1,982.4
2025-12-29,7.2,4.1,982.4
2025-12-30,7.2,4.1,982.4
2025-12-31,7.2,4.1,982.4
